Aadhaar Number,Name,Date of Birth,Gender,City,State,Phone Number,Email
627180000000,Ahana  Chauhan,2014-09-25,Male,Guntur,Assam,1283618774,aainagade@gmail.com
627355000000,Adira Madan,2001-11-06,Male,Kadapa,Andhra Pradesh,9234493236,cvirk@yahoo.com
868940000000,Misha Sani,2022-12-16,Other,Guntur,Meghalaya,919973000000,parinaaz66@srivastava-kohli.com
174596000000,Nirvi Ray,1939-01-08,Male,Dehradun,Tamil Nadu,8047807023,kaira62@yahoo.com
296160000000,Gatik Dass,2020-07-05,Male,Yamunanagar,Punjab,715244929,cdugar@sandal-venkataraman.biz
172459000000,Tanya Rana,2019-02-15,Female,Nellore,Goa,8581754812,bedicharvi@gmail.com
188301000000,Taran Dar,1962-05-30,Other,Amroha,Chhattisgarh,4892611462,tiyatank@raj.com
175862000000,Bhavin Krishna,1946-07-29,Female,Danapur,Rajasthan,3857071354,ahanda@sant-kar.org
996629000000,Oorja Brahmbhatt,1966-06-11,Other,Bhiwandi,Uttarakhand,7757836740,tushar58@chatterjee-sinha.com
225291000000,Pari Kalla,1944-01-12,Male,Vellore,Manipur,1928158589,aarnagade@thaman-vig.com
889942000000,Nishith Sankar,1928-01-31,Female,Raipur,Maharashtra,2347783316,suhanamangat@din.com
337065000000,Nishith Sandhu,1987-10-13,Male,Thrissur,Arunachal Pradesh,914364000000,purab03@gmail.com
738016000000,Vritika Andra,2009-09-26,Female,Visakhapatnam,Andhra Pradesh,408403016,vohraheer@sani.com
33762392220,Anika Bala,1961-07-09,Other,Thane,Arunachal Pradesh,8527106495,jayanmanda@bali.org
597958000000,Vihaan Roy,1943-11-30,Other,Dibrugarh,Manipur,910838000000,ivana07@saini-behl.com
482347000000,Mishti Lal,1990-01-16,Female,Bathinda,Tripura,2682940058,arhaanbarman@singh.com
282903000000,Anaya Gala,1992-09-02,Female,Tiruvottiyur,Odisha,8428144968,dhegde@ratti.com
521176000000,Jayesh Saini,1990-06-19,Male,Gopalpur,Chhattisgarh,919759000000,miraya98@gmail.com
15657020119,Navya Khanna,1987-10-29,Male,Davanagere,Manipur,915340000000,schauhan@chadha.org
384555000000,Armaan Bath,2014-01-27,Other,Ghaziabad,Kerala,1947802360,singhreyansh@yahoo.com
728079000000,Priyansh Dar,1979-01-10,Other,Chapra,Manipur,2845236742,kavyagala@dayal-barad.com
359382000000,Akarsh Chada,1959-06-05,Male,Patiala,Punjab,914379000000,arnavben@kunda.biz
644268000000,Vidur Gokhale,1929-03-03,Other,Munger,Arunachal Pradesh,7908030968,samarthwarrior@samra.com
456990000000,Hiran Barman,1979-05-02,Male,Baranagar,Maharashtra,8540419585,ratikota@yahoo.com
239699000000,Vidur Comar,1998-08-26,Female,Amravati,Tripura,918159000000,shloksachdeva@balay.com
806520000000,Anika Barad,1989-02-06,Female,Kishanganj,Jharkhand,5798130961,mishtisaraf@gmail.com
766849000000,Inaaya  Anne,1954-03-12,Other,Dewas,Uttarakhand,4115643757,arhaan19@kari.com
362690000000,Shaan Tripathi,1948-01-02,Male,Ambala,Sikkim,918231000000,hridaan27@yahoo.com
53370449855,Inaaya  Shah,1977-08-13,Other,Burhanpur,Maharashtra,2599737340,mahalyakshit@yahoo.com
266414000000,Jivika Ramakrishnan,1984-06-30,Other,Salem,Meghalaya,918319000000,edwinraghav@dutta.com
749846000000,Jhanvi Lala,1923-03-27,Female,Bijapur,Manipur,919231000000,ndhar@sangha.com
513119000000,Badal Kalla,1933-08-28,Male,Nashik,West Bengal,7295982815,hariritvik@gmail.com
138908000000,Ritvik Lad,2015-06-04,Male,Pudukkottai,Uttarakhand,159104653,sekhonehsaan@hotmail.com
66120468333,Kiara Vaidya,1992-11-19,Other,Guwahati,Maharashtra,1463324318,cben@bahl.net
416874000000,Amani Tella,1992-04-28,Male,Bikaner,Himachal Pradesh,9312200867,darshittoor@gmail.com
435205000000,Indrans Krishna,1991-06-16,Male,Kulti,Uttarakhand,1030071235,mahika38@hotmail.com
828815000000,Badal Keer,2015-03-24,Male,Faridabad,Tamil Nadu,8752169280,uvirk@gmail.com
544501000000,Bhavin Hari,1939-03-03,Male,Ambattur,Punjab,7894002257,ojasdoctor@banik.com
324278000000,Shalv Bhatt,1963-02-17,Male,Hubli–Dharwad,Haryana,7296875684,sumer97@bava.com
655031000000,Eshani Shroff,1954-06-08,Female,Bidar,Nagaland,3366510028,sanarege@yahoo.com
652129000000,Jayesh Borah,1958-08-15,Female,Ahmedabad,Haryana,9243566931,lavanyatank@gmail.com
625569000000,Saira Bains,1986-07-21,Female,Rohtak,Chhattisgarh,5745639560,raniadasgupta@hotmail.com
622066000000,Umang Basu,1991-05-22,Other,Chennai,Bihar,913619000000,anya89@yahoo.com
56720206666,Alisha Sood,1943-03-29,Male,Bhalswa Jahangir Pur,Kerala,4730271011,indranilcomar@dara-varughese.com
331529000000,Indranil Gade,1992-02-16,Female,Sambhal,Assam,9170460191,irataneja@yahoo.com
66571710295,Darshit De,1944-03-14,Other,Madurai,Karnataka,369052066,baiju07@yahoo.com
392087000000,Nirvaan Ahluwalia,2011-10-19,Male,Kadapa,Himachal Pradesh,5709528617,echoudhury@hotmail.com
926613000000,Prisha Thakur,2005-03-15,Male,New Delhi,Telangana,915682000000,anvi46@yahoo.com
290162000000,Biju Ramachandran,1934-04-08,Other,Gangtok,Gujarat,9246180788,inaaya-59@hotmail.com
422717000000,Alisha Luthra,1971-01-20,Female,Guntakal,Sikkim,6856909840,swamymohanlal@hotmail.com
433896000000,Faiyaz Grover,1950-06-09,Male,Gangtok,Odisha,5487698132,aradhya45@gara-rau.info
484085000000,Yashvi Srivastava,1945-11-16,Female,Sambalpur,West Bengal,913781000000,saanvi91@hotmail.com
177940000000,Akarsh Bawa,1946-03-20,Male,Tenali,Nagaland,4469929126,lganguly@sharma.com
196751000000,Zoya Kaur,2016-11-29,Female,Kadapa,Manipur,917814000000,warrioroorja@gmail.com
453558000000,Khushi Ramanathan,1998-07-08,Male,Bettiah,Punjab,913187000000,romil41@thaman-dutt.info
254398000000,Ojas Kaul,2003-07-28,Male,Motihari,Manipur,7628027604,gokul96@lad-varghese.com
39547964573,Romil Dhingra,1960-08-14,Other,Parbhani,Manipur,917505000000,yguha@randhawa.info
945132000000,Ehsaan Tella,2001-06-27,Other,Shivpuri,Goa,913326000000,goyalkimaya@hotmail.com
286096000000,Riya Dhawan,1938-12-29,Male,Ujjain,Punjab,4068696619,rcomar@yahoo.com
847584000000,Jayant Tiwari,1963-07-08,Male,Serampore,Himachal Pradesh,8668290688,dattayakshit@yahoo.com
183524000000,Divyansh Shan,1924-05-21,Other,Vellore,Tripura,9091457406,edin@yahoo.com
489327000000,Ryan Agrawal,1945-03-15,Male,Buxar,Chhattisgarh,2940590612,soodmiraya@badal.com
391857000000,Urvi Iyer,1941-05-20,Male,Bidhannagar,Mizoram,5424435059,rattamannat@walia.com
736075000000,Tara Divan,1940-01-26,Female,Bhalswa Jahangir Pur,Sikkim,4007391160,pihusheth@chaudhuri.org
863958000000,Manjari Sachdev,1961-10-12,Female,Lucknow,Haryana,910224000000,lokesaksham@lanka.com
728070000000,Indrajit Gola,2010-06-02,Male,Ozhukarai,West Bengal,3671193083,khuranakimaya@vig-sastry.com
43391576763,Tiya Dayal,2017-04-18,Female,Dibrugarh,Uttarakhand,917277000000,ravimanjari@basu.biz
801631000000,Purab Kade,1967-02-28,Other,Lucknow,Uttar Pradesh,914671000000,tanya71@issac.biz
528178000000,Aayush Kakar,1952-09-02,Female,Farrukhabad,Tripura,8933134151,prerak88@gara.com
378864000000,Alia Sodhi,2000-12-16,Female,Warangal,Tamil Nadu,914207000000,jhanvi77@rajan-dalia.info
788564000000,Nirvi Soni,1975-02-23,Male,Bareilly,Punjab,1795543025,gokhaleindranil@karpe.com
123825000000,Misha Gandhi,1935-01-29,Male,Chinsurah,Goa,9213538685,raunakraja@yahoo.com
105622000000,Shalv Koshy,1949-02-16,Other,Gopalpur,Assam,657795862,yashvi10@sidhu-bumb.com
585400000000,Indrajit Srivastava,2011-10-07,Female,Ghaziabad,Himachal Pradesh,290475775,himmat80@chandra.biz
977709000000,Reyansh Aggarwal,1991-02-14,Other,Hapur,Bihar,918566000000,adivan@gmail.com
433270000000,Devansh Jhaveri,1928-03-07,Male,Tezpur,Kerala,289434093,tkrishna@yahoo.com
20297934734,Ishaan Sem,1942-12-06,Female,Raurkela Industrial Township,Assam,910750000000,semtushar@dasgupta.com
476100000000,Samarth Kale,1990-03-26,Other,Dhule,Tamil Nadu,915672000000,kchahal@karnik-sama.com
153327000000,Biju Singhal,1995-09-20,Male,Jalgaon,Tamil Nadu,919514000000,sbatta@kakar.biz
160885000000,Jayesh Warrior,1968-06-24,Male,Guwahati,Himachal Pradesh,3277718858,karnikvritika@goda.info
946577000000,Elakshi Chowdhury,1944-04-13,Male,South Dumdum,Karnataka,5425801088,samar06@chaudhary.com
995163000000,Mohanlal Sehgal,2002-06-22,Other,Panchkula,Meghalaya,916795000000,myrabatra@garde.info
55047434560,Akarsh Madan,1997-09-23,Other,Rohtak,Arunachal Pradesh,1386928979,rati89@jhaveri.com
948417000000,Nitya Sethi,2000-03-20,Other,Tumkur,Haryana,919528000000,vsubramaniam@yahoo.com
64921987587,Rasha Rao,1969-08-13,Male,Sultan Pur Majra,Assam,5007771595,biradvik@kuruvilla-vohra.com
375446000000,Nehmat Tata,1934-11-05,Female,Thoothukudi,Mizoram,911974000000,hanshratti@garde.info
308748000000,Aradhya Singhal,1939-10-31,Other,Naihati,Meghalaya,1733417531,kanavsanghvi@yahoo.com
166404000000,Eshani Dua,1955-11-27,Female,Gangtok,Tripura,919065000000,shanaya56@hayer-thaman.net
717674000000,Himmat Swamy,1980-05-08,Other,Asansol,Punjab,919037000000,sana86@bhavsar.biz
57067109792,Nirvi Bumb,1987-04-17,Female,Ahmedabad,Goa,6900205792,lsarma@savant.com
816209000000,Aarush Bumb,1924-09-30,Other,Hindupur,Uttar Pradesh,4593613968,zachariahaarna@keer.biz
610333000000,Shanaya Sen,1989-12-23,Other,Visakhapatnam,Andhra Pradesh,915952000000,heerbhasin@yahoo.com
108077000000,Himmat Bhasin,1974-06-03,Female,Raipur,Arunachal Pradesh,9133462456,ladanahi@yahoo.com
7481402547,Rhea Tara,1930-10-09,Female,Nizamabad,Maharashtra,911649000000,vdatta@desai-kaur.com
722848000000,Yakshit Gade,1980-09-24,Female,Mira-Bhayandar,Andhra Pradesh,1565731150,zkara@gmail.com
879076000000,Myra Saraf,1992-08-22,Male,Hubli–Dharwad,Chhattisgarh,912814000000,butalaaayush@gmail.com
402944000000,Neelofar Salvi,1925-12-25,Other,Dehri,Sikkim,4032008119,doctorhiran@hotmail.com
464645000000,Riya Bath,2021-09-28,Female,Munger,Punjab,9013293210,hrishita94@kunda.org
812092000000,Yuvaan Tara,2016-12-13,Other,Satara,Tripura,3624392533,lganesan@kunda.com
603030000000,Neysa Badami,1941-11-12,Male,Phagwara,Tripura,7706755714,samarjha@zachariah.biz
698396000000,Biju Sarna,1937-12-09,Male,Hajipur,Himachal Pradesh,5643275118,wallaneysa@khurana-deep.com
892676000000,Pari Ganesan,1984-07-31,Male,Surendranagar Dudhrej,Bihar,919656000000,anayraval@yahoo.com
276043000000,Zeeshan Mann,1966-04-12,Female,Patiala,Telangana,3929490165,aramakrishnan@agarwal-venkataraman.com
342119000000,Parinaaz D’Alia,2014-07-12,Female,Amravati,Sikkim,3892002081,tiyabassi@gmail.com
456471000000,Vivaan Kibe,1940-06-20,Other,Sambalpur,Haryana,913128000000,mehul21@sachdev.com
19962087737,Anaya Lala,1976-08-19,Other,Nandyal,Telangana,912974000000,chadayesha@yahoo.com
511093000000,Bhamini Shan,1941-09-24,Male,Rewa,Himachal Pradesh,9435373047,jhanvisood@sharaf-swaminathan.net
491137000000,Ishita Bath,2020-04-09,Other,Ghaziabad,Goa,5708826655,zainavarty@yahoo.com
292988000000,Zaina Krishnan,1977-06-18,Other,Bhagalpur,Mizoram,8301374606,aram@yahoo.com
159353000000,Nirvi Karan,1928-01-10,Male,Ranchi,Kerala,258236206,ivan50@hotmail.com
566335000000,Jivika Grover,2009-06-19,Other,Jalandhar,Meghalaya,916552000000,hrishita55@gmail.com
360970000000,Azad Vaidya,2001-06-09,Other,Kulti,Tamil Nadu,917949000000,lcontractor@saha-ganesh.com
711946000000,Yuvaan Dada,1975-12-17,Female,Nellore,Tamil Nadu,9323096459,hunarrajagopalan@chaudry.info
982360000000,Jayant Dua,1976-01-06,Female,Allahabad,Manipur,915929000000,dharmajansrinivasan@gmail.com
632009000000,Samarth Wason,1987-11-15,Male,Allahabad,Maharashtra,1784904379,nityahans@yahoo.com
557232000000,Samiha Gaba,2022-05-05,Other,Bellary,Sikkim,5726597064,drishya49@gmail.com
273894000000,Keya Sanghvi,1950-09-12,Male,Jamalpur,Telangana,6402890688,veer40@banik.com
845604000000,Raunak Chatterjee,2013-06-19,Other,Sonipat,West Bengal,4446306784,hdhawan@hotmail.com
230546000000,Sumer Mallick,1961-10-03,Other,Raurkela Industrial Township,Meghalaya,6187033700,krishgala@gmail.com
403212000000,Dhanush Kulkarni,1931-07-03,Female,North Dumdum,Telangana,916981000000,hkashyap@chauhan-manne.biz
941385000000,Ryan Shere,1975-08-28,Male,Naihati,Arunachal Pradesh,9400145072,riyadoctor@malhotra.biz
439877000000,Lakshit Chaudhary,1972-11-29,Female,Gorakhpur,Chhattisgarh,916454000000,uthkarsh22@magar.biz
749870000000,Bhavin Bhandari,2020-05-18,Other,Kirari Suleman Nagar,Kerala,913904000000,mangalshlok@hotmail.com
71877417805,Aaina Khatri,1933-03-25,Male,Pallavaram,Sikkim,917324000000,mangalmadhup@wali-subramanian.biz
486086000000,Zeeshan Andra,1934-01-01,Other,Guwahati,Mizoram,917188000000,tushar71@hotmail.com
248588000000,Raghav Goda,2002-11-21,Other,Kishanganj,Nagaland,2927219653,samihajha@seshadri.org
839332000000,Ira Dubey,2008-02-11,Female,Anantapur,Chhattisgarh,2124695900,shlokmanne@bhavsar.com
2322813279,Urvi Sridhar,1947-10-09,Other,Phagwara,Andhra Pradesh,1533256393,mkothari@gmail.com
878017000000,Onkar Sankaran,1950-01-15,Other,Uluberia,Rajasthan,6537469104,indranil00@rao.biz
153090000000,Tara Walla,1950-07-15,Female,Phusro,Telangana,911250000000,nchaudhuri@yahoo.com
973693000000,Riaan Kumer,1930-03-29,Male,Raebareli,Uttar Pradesh,5380589206,rkant@deshmukh-khatri.com
858702000000,Jayant Hans,1946-09-02,Female,Munger,Nagaland,9693837137,yasmin05@yahoo.com
522184000000,Jiya Warrior,2003-12-30,Male,Aizawl,Nagaland,8148909083,wagleishita@dube.org
643576000000,Hazel Sankar,1966-02-04,Female,Indore,Karnataka,7544005371,saanvibarad@kaur-agrawal.biz
859010000000,Mehul Badal,2007-02-25,Female,Saharanpur,Tripura,916999000000,usura@seshadri.com
824656000000,Baiju Sura,1952-02-18,Other,Tenali,Telangana,3060975452,gkhatri@hotmail.com
640867000000,Reyansh Batra,1965-10-04,Female,Vadodara,Tamil Nadu,912493000000,scheema@krishnamurthy.com
28180158960,Hrishita Khosla,1979-06-28,Male,Bilaspur,Sikkim,18647220,reneebhalla@gaba-ganesan.com
738667000000,Yuvaan Chatterjee,1934-03-31,Female,Noida,Nagaland,918675000000,dhawannitya@yahoo.com
840617000000,Krish Kar,1964-01-10,Male,Hosur,Mizoram,1481494383,lvaidya@gmail.com
171930000000,Vihaan Sunder,2000-09-07,Female,Berhampore,Telangana,917596000000,samar68@kamdar.info
612901000000,Romil Luthra,1932-04-16,Other,Vijayawada,Uttarakhand,4912530153,ucomar@venkatesh.com
670376000000,Divit Ramakrishnan,1962-02-01,Other,Khora ,West Bengal,9266433615,jbabu@tailor.com
809019000000,Damini Lall,1995-05-17,Male,Nagpur,Assam,919138000000,gandhiishaan@hotmail.com
575624000000,Romil Keer,1995-12-31,Male,Visakhapatnam,Meghalaya,6823331376,wsubramaniam@gmail.com
587829000000,Gatik Maharaj,2015-03-22,Female,Bhind,Tripura,7143745144,bborah@yahoo.com
874241000000,Aaryahi Kapur,2015-11-15,Female,Nagaon,Himachal Pradesh,1159941806,yakshitbaria@gmail.com
85789605080,Pari Uppal,1940-12-29,Other,Udaipur,Madhya Pradesh,919608000000,rasha39@barad.com
24532180952,Hiran Kapadia,2011-08-03,Other,Miryalaguda,Andhra Pradesh,1703476938,rati87@chadha-majumdar.com
405126000000,Eva Edwin,1938-05-23,Female,Kavali,Telangana,918153000000,karishaan@hotmail.com
76865755294,Jayan Saha,1927-05-21,Female,Kochi,Manipur,384747397,aradhya88@chandra-varkey.com
593163000000,Hiran Maharaj,1997-11-15,Other,Jalgaon,Goa,3671042368,jayant70@dutta.info
756378000000,Hazel Goel,2003-09-04,Other,Gandhidham,Mizoram,6870960943,msavant@bala.com
196168000000,Trisha Khosla,1930-09-20,Male,Faridabad,Karnataka,3087824247,eshah@gmail.com
565854000000,Sahil Brahmbhatt,1992-07-06,Female,Surat,Punjab,3136618565,anikarandhawa@korpal-choudhury.com
150959000000,Piya Dutt,1957-09-28,Other,Srinagar,Odisha,2555968,mohanlal08@wali.biz
450840000000,Jayant Krishna,1993-10-12,Female,Meerut,Manipur,6863726191,pihu33@lala-kibe.org
65385805768,Shalv Lalla,1955-11-23,Other,Guntakal,Chhattisgarh,2545292162,hanshrao@hotmail.com
946187000000,Piya Devan,2022-04-27,Female,Bhilai,Bihar,8222156251,indransbalakrishnan@gmail.com
346546000000,Aarna Sawhney,1979-01-31,Male,Aurangabad,Mizoram,1179419318,jbhargava@yahoo.com
946341000000,Kavya Buch,1979-07-20,Other,Satna,Rajasthan,7087233306,atiwari@gmail.com
115802000000,Vivaan Bora,1976-09-09,Male,Allahabad,Nagaland,4181080506,zainavora@kala.com
31024150426,Jayan Andra,1988-01-17,Female,Anantapuram,Karnataka,2371131590,basuanika@atwal.net
204646000000,Hrishita Bedi,1923-02-26,Other,Narasaraopet,Chhattisgarh,911167000000,devanshkarnik@hotmail.com
962154000000,Mishti Venkataraman,1978-04-24,Other,Bihar Sharif,Punjab,1061415106,mkhanna@gmail.com
882903000000,Rhea Sodhi,1930-11-13,Other,Mau,Nagaland,917891000000,yuvraj-ram@yahoo.com
419453000000,Aaina Deep,1941-09-21,Other,Howrah,Haryana,1459062209,dasaayush@raju.com
305709000000,Kanav Kibe,1933-05-10,Female,Dibrugarh,Maharashtra,910842000000,reyansh90@gmail.com
549904000000,Shlok Chaudhary,2010-12-01,Male,Panchkula,Assam,4523246846,jayeshdada@hotmail.com
568262000000,Ela Chandra,1967-06-09,Male,Anantapur,Nagaland,740255694,dateoorja@yahoo.com
276248000000,Faiyaz Sunder,1952-03-29,Female,Bidhannagar,Sikkim,1562178039,ishaan28@kota.com
394577000000,Piya Bail,1963-06-14,Male,Dharmavaram,Karnataka,3464121638,arhaanmajumdar@hotmail.com
500736000000,Jiya Chokshi,1942-05-28,Female,Phagwara,Nagaland,6101106773,lakshitramanathan@barad-bhakta.com
946515000000,Elakshi Sami,1976-12-05,Other,Raiganj,Chhattisgarh,3340609800,suhana19@chokshi-choudhury.info
477428000000,Khushi Bhardwaj,1953-01-19,Female,Begusarai,Maharashtra,7856747208,sheremannat@yahoo.com
816972000000,Siya Garg,1945-10-22,Male,Amritsar,Arunachal Pradesh,4483286787,dhruv82@bali.com
977255000000,Anika Wadhwa,1961-11-22,Female,Medininagar,Bihar,2923614067,lakshitbala@yahoo.com
671381000000,Nirvaan Buch,1990-04-30,Male,Indore,Assam,7352479996,chadkabir@dass.org
741071000000,Hiran Kuruvilla,1971-10-21,Female,Guna,Meghalaya,7684899798,charvikalita@sarin-kade.com
201492000000,Aayush Loke,1954-02-18,Female,Gurgaon,Himachal Pradesh,913522000000,pborah@yahoo.com
308203000000,Yuvaan Dewan,1990-07-23,Other,Srikakulam,West Bengal,916046000000,yuvaan22@gmail.com
554105000000,Nirvi Bora,1957-10-22,Female,Jodhpur,Haryana,8844156511,majumdarpihu@yahoo.com
654851000000,Azad Mani,1964-09-30,Other,Meerut,Andhra Pradesh,5783177251,ishankar@date.net
225991000000,Jiya Sood,2020-05-21,Other,Begusarai,Kerala,918656000000,sainijayant@yahoo.com
657182000000,Urvi Bassi,1943-03-04,Male,Bhagalpur,Bihar,5724433191,vrau@gmail.com
555576000000,Nayantara Anand,1946-04-12,Female,Farrukhabad,Manipur,6578195083,akoshy@goel.info
561821000000,Jiya Atwal,1940-05-12,Female,Jabalpur,West Bengal,912474000000,indrans03@karan.info
106360000000,Priyansh Luthra,1935-04-25,Female,Hazaribagh,Himachal Pradesh,3059387722,loyalhazel@gade-sridhar.com
538231000000,Oorja Kala,2019-03-29,Other,Eluru,Bihar,2983426378,hchadha@yahoo.com
295474000000,Dhruv Doshi,1946-12-06,Male,Visakhapatnam,Gujarat,1613029116,vermajhanvi@hotmail.com
36026480559,Anahi Jayaraman,1927-06-09,Other,Morbi,Bihar,1567942394,abramkant@hotmail.com
507884000000,Sara Bawa,2013-12-30,Other,Mahbubnagar,Kerala,962549077,mamooty56@gmail.com
902913000000,Bhavin Kota,1968-10-13,Male,Salem,Jharkhand,1138924051,gokul89@hotmail.com
800760000000,Zara Chaudhari,1998-12-16,Male,Firozabad,Jharkhand,918133000000,sacharsiya@setty-sarma.com
892825000000,Tanya Kohli,1982-09-06,Other,Thiruvananthapuram,Uttar Pradesh,2419347567,shayak03@gmail.com
7501296841,Zara Venkatesh,1940-11-16,Other,Rohtak,Tamil Nadu,912698000000,dassjiya@luthra.com
264620000000,Ishaan Shetty,1949-10-14,Female,Tirupati,Karnataka,1467154897,kartik72@hotmail.com
563789000000,Nitya Bajaj,1947-12-17,Other,Ghaziabad,Jharkhand,5356049161,adirasane@chadha-dhaliwal.com
136425000000,Ahana  Bahl,2016-08-31,Female,Thane,Punjab,911943000000,karpepurab@dass.org
150133000000,Tushar Das,2000-12-14,Other,Rewa,Uttarakhand,9752888412,seshadridarshit@walla.info
297208000000,Riaan Dash,1922-12-05,Other,Sri Ganganagar,Rajasthan,2071701869,zara46@yahoo.com
571967000000,Manikya Shroff,1979-06-04,Female,Jalna,Goa,6459602336,ranaindrans@gmail.com
883369000000,Kaira Halder,1941-12-04,Female,Ujjain,Nagaland,7739836114,htara@dhar.com
310720000000,Suhana Madan,1942-11-04,Female,Bahraich,Uttarakhand,4336911927,vritika35@hotmail.com
430490000000,Kimaya Buch,1994-12-02,Female,Bongaigaon,Karnataka,2481535565,ahluwaliamamooty@sant.com
901039000000,Jivika Mander,1927-05-24,Other,Hubli–Dharwad,Uttar Pradesh,3758546408,vsathe@borra.com
899920000000,Nirvaan Boase,1983-03-30,Other,Orai,Karnataka,5946023375,dhruvkashyap@hayre-devan.com
605858000000,Ojas Barad,2003-04-24,Male,Ghaziabad,Manipur,915223000000,manikyagokhale@yahoo.com
769735000000,Mahika Jha,1941-05-10,Other,Orai,Tamil Nadu,917099000000,umang99@gmail.com
764998000000,Inaaya  Varty,1936-12-01,Male,Pimpri-Chinchwad,Gujarat,3369948251,anyagarde@yahoo.com
873681000000,Keya Grover,1982-11-15,Other,Kottayam,Telangana,3112606612,bhaminitalwar@baria.org
123922000000,Saanvi Issac,2019-02-23,Male,Indore,Meghalaya,647830637,ckulkarni@hotmail.com
460267000000,Ehsaan Ray,1966-05-16,Male,Srikakulam,Uttarakhand,2314638999,sumer62@contractor.com
380698000000,Aarush Mane,1937-09-04,Female,Mangalore,Punjab,6364437697,malhotratiya@gmail.com
721773000000,Manikya Tiwari,1966-03-09,Male,Lucknow,Manipur,1347592917,daliavanya@chahal-amble.info
414547000000,Heer Sur,2007-11-21,Other,Vijayawada,Kerala,919050000000,sabharwaleshani@ben-sabharwal.com
107759000000,Baiju Chander,1990-08-17,Female,Tinsukia,Punjab,1130193856,zainkar@bhattacharyya.com
5134517495,Madhup Garde,2023-03-12,Female,Karawal Nagar,Maharashtra,4437836770,samarth93@gmail.com
818318000000,Heer Kothari,2008-02-16,Male,Siliguri,Gujarat,918588000000,farhan35@hotmail.com
269696000000,Ivana Hans,1924-09-25,Female,Khammam,Maharashtra,4756095536,khushi49@comar.org
894313000000,Sahil Raman,1926-03-18,Other,Katihar,Telangana,911449000000,rania96@ahuja.info
948684000000,Romil Kara,1976-11-23,Female,Muzaffarpur,Maharashtra,3161053211,kalitaelakshi@hotmail.com
507207000000,Kaira Raj,2004-05-31,Male,Durg,Arunachal Pradesh,7602649765,cgulati@suri-barad.com
914217000000,Trisha Sha,1952-06-14,Male,New Delhi,Gujarat,6988537167,balayriya@dugar-magar.info
692243000000,Krish Raman,2000-03-23,Female,Tumkur,Maharashtra,4166844338,cbalasubramanian@yahoo.com
216753000000,Hazel Jhaveri,1983-03-22,Other,Burhanpur,Tamil Nadu,6715021115,vkalla@yahoo.com
710936000000,Ojas Basak,2022-08-26,Male,Jehanabad,Manipur,915007000000,xreddy@yahoo.com
194311000000,Himmat Chahal,1943-02-14,Female,Tinsukia,Assam,603050810,balasubramaniananahi@baral-tank.com
881262000000,Drishya Apte,1928-07-10,Other,Bikaner,Mizoram,910099000000,bahrikimaya@yahoo.com
118740000000,Jivin Rao,1945-12-20,Other,Eluru,Bihar,7544041883,sawhneysaanvi@hotmail.com
461640000000,Charvi Shankar,2022-03-03,Female,Tirunelveli,Uttarakhand,910185000000,devanshvala@gupta-dasgupta.com
305773000000,Arnav Batta,1923-07-12,Female,Morbi,Tamil Nadu,8813400919,divijtailor@hotmail.com
588032000000,Charvi Saraf,2001-04-07,Female,Hospet,Himachal Pradesh,1335336124,deepsaira@hotmail.com
17755514653,Yasmin Dass,2003-04-08,Other,Raipur,Chhattisgarh,55476349,ychawla@dhingra.com
795295000000,Trisha Chandra,2003-06-06,Female,Bhavnagar,West Bengal,918214000000,auroratara@kulkarni.com
124676000000,Indranil Goel,1943-12-10,Male,Jalandhar,Andhra Pradesh,6796231707,raunak04@hotmail.com
440042000000,Hunar Sandal,1963-09-23,Female,Kochi,Uttar Pradesh,8152098608,vkade@balan-gola.net
226191000000,Samiha Deo,2012-05-20,Female,Bijapur,Kerala,7766982625,yasmin57@gmail.com
437457000000,Alisha Deo,1949-01-27,Other,Bidar,West Bengal,5359305434,chandrajhanvi@yahoo.com
115841000000,Taran Rajagopal,1944-05-13,Female,Jamalpur,Himachal Pradesh,9017653224,bhatmishti@yahoo.com
826553000000,Renee Solanki,2021-05-02,Female,Ahmednagar,Kerala,6073927364,zeeshan53@yahoo.com
173992000000,Navya Ahluwalia,2002-01-20,Other,Bellary,Chhattisgarh,910656000000,ochandra@shah.com
976539000000,Gatik Wadhwa,1990-03-07,Other,Tadepalligudem,Madhya Pradesh,916404000000,iganguly@kota-raval.com
240531000000,Badal Bassi,1945-12-17,Male,Ulhasnagar,Mizoram,4646587546,sinhaprerak@yahoo.com
816045000000,Advika Dewan,2022-05-24,Male,Dibrugarh,Tamil Nadu,916623000000,yakshitramanathan@gmail.com
917885000000,Zoya Sibal,2023-06-12,Male,Proddatur,Kerala,914949000000,bhavindayal@vasa.com
654180000000,Ivana Rajan,1973-10-12,Female,Dhanbad,Assam,4646662564,kuruvillajayesh@gmail.com
319331000000,Bhavin Raman,2000-01-07,Other,Panvel,Mizoram,6716419598,hgaba@hotmail.com
989003000000,Zoya Guha,1977-04-02,Male,Kollam,Mizoram,4948102329,zjani@saini.org
247669000000,Advik Shankar,1942-08-31,Male,Shimoga,Goa,911456000000,gdani@gmail.com
28060056754,Mamooty Rama,1959-11-03,Other,Chennai,Maharashtra,3665205236,deviojas@gmail.com
712913000000,Azad Chada,1952-02-29,Male,Kulti,Andhra Pradesh,919325000000,akhosla@kakar.com
530270000000,Taimur Comar,1992-07-18,Other,Gangtok,Chhattisgarh,7244567041,hayrehansh@dixit.com
385388000000,Jiya Grewal,1925-03-26,Other,Pimpri-Chinchwad,Uttarakhand,915145000000,ahana-20@yahoo.com
616301000000,Krish Som,1923-02-27,Female,Agra,Goa,7638382374,bhargavaelakshi@goel.com
14914635006,Lakshit Agrawal,1927-03-11,Other,Guntur,Chhattisgarh,914445000000,himmatchokshi@hotmail.com
567454000000,Vidur Dhingra,1960-02-16,Female,Bhusawal,Telangana,917009000000,anvi06@gmail.com
112560000000,Dharmajan Kibe,2007-02-11,Female,Fatehpur,Telangana,9138603852,nityaahuja@ramanathan.com
406894000000,Hansh Borra,1924-02-05,Other,Ghaziabad,Maharashtra,916171000000,zachariahchirag@gmail.com
792316000000,Yasmin Solanki,2022-07-25,Other,Salem,Bihar,2622008739,ebarad@yahoo.com
834681000000,Umang Rajan,1939-10-16,Female,Panchkula,Rajasthan,9556623518,kwadhwa@hotmail.com
316017000000,Indrans Kata,1979-06-26,Other,Nadiad,Rajasthan,7082615493,nakulsem@basu-ravel.com
504162000000,Emir Goyal,1934-06-23,Male,Adoni,Sikkim,4154491409,devansh07@yahoo.com
50664682860,Zain Randhawa,1929-03-27,Male,Avadi,Rajasthan,915570000000,froy@hotmail.com
555879000000,Alia Soni,1983-12-11,Female,Gopalpur,Rajasthan,1901731311,saksham31@kar-uppal.com
354615000000,Umang Malhotra,2008-02-18,Male,Purnia,Tamil Nadu,915412000000,navya71@gmail.com
757765000000,Saanvi Bhakta,1955-10-31,Female,Shivpuri,Uttar Pradesh,4817791696,yshankar@gmail.com
627129000000,Nirvi Yogi,1926-06-03,Other,Darbhanga,Gujarat,4752131034,nishithchatterjee@yahoo.com
485576000000,Neelofar Wali,1939-02-10,Other,Madurai,Maharashtra,917305000000,lagan21@behl-bajwa.com
29050413247,Kanav Shan,1996-06-16,Male,Ramagundam,Goa,2243484368,mannriya@chatterjee.biz
234876000000,Trisha Sule,2019-10-02,Female,Silchar,Odisha,7063909130,jivin43@hotmail.com
104659000000,Romil Wali,1948-03-28,Female,Tiruvottiyur,Mizoram,5179829509,dharuthkarsh@gmail.com
463286000000,Nakul Wali,2023-09-22,Female,Tinsukia,Mizoram,8082101515,basakbhamini@gmail.com
378703000000,Bhamini Dutt,1954-07-23,Female,Kakinada,Nagaland,3280567669,llata@kibe.com
249301000000,Biju Tiwari,1951-06-08,Male,Nizamabad,Rajasthan,1635047751,bavaprisha@yahoo.com
43614661802,Ivana Jha,1982-09-15,Male,Davanagere,Kerala,910582000000,ramachandranpriyansh@butala.net
795252000000,Tiya Khanna,2005-05-04,Female,Allahabad,Odisha,916945000000,savanttrisha@sahota.info
883708000000,Rohan Mahal,1935-10-15,Female,Dindigul,Tamil Nadu,1494155592,gatik47@gmail.com
758439000000,Manjari Dora,1945-09-28,Other,Erode,Maharashtra,912140000000,hsheth@balasubramanian.com
954787000000,Shaan Khosla,1959-08-19,Male,Bellary,Sikkim,2955979387,xiyengar@ahluwalia-dutt.com
408018000000,Anika Sem,1979-04-18,Other,Ballia,Meghalaya,919804000000,kalalagan@manda.com
787247000000,Jayesh De,1998-05-10,Male,Guntur,Assam,916946000000,kjayaraman@gmail.com
562924000000,Divij Soman,1935-08-13,Male,Sikar,Nagaland,915920000000,inaaya-kurian@behl.com
547816000000,Rohan Borra,2021-01-11,Other,Ghaziabad,Mizoram,910854000000,uborde@hotmail.com
741418000000,Shamik Rastogi,2000-03-24,Female,Kharagpur,Uttar Pradesh,4634475634,surahiran@hotmail.com
246702000000,Aarna Basak,1930-06-29,Other,Khandwa,Arunachal Pradesh,911712000000,ehsaanloyal@shenoy.biz
673568000000,Raunak Gera,2023-02-19,Other,Adoni,Madhya Pradesh,913397000000,jivin75@karpe-setty.com
764727927,Ranbir Upadhyay,1944-02-28,Female,Berhampore,Mizoram,707700267,manikyaahuja@kohli-vyas.info
876340000000,Vivaan Atwal,1964-10-22,Female,Coimbatore,Gujarat,912800000000,ratirout@yahoo.com
163633000000,Sumer Randhawa,2019-10-14,Male,Mehsana,Himachal Pradesh,9092596463,sarnadrishya@gmail.com
410843000000,Sahil Thaker,1932-02-07,Other,Bhavnagar,Bihar,9288115629,mammenaaryahi@gmail.com
306449000000,Indranil Kala,1977-10-23,Male,Nagpur,Karnataka,4255425168,issacmiraan@hotmail.com
142886000000,Baiju Bains,1927-09-16,Male,Ulhasnagar,Jharkhand,2105087267,alia48@gmail.com
285546000000,Divit Karnik,2017-02-17,Female,Madurai,Maharashtra,913557000000,bbhargava@gmail.com
810170000000,Reyansh Seth,1927-07-28,Other,Phusro,Mizoram,919539000000,dubeshanaya@srinivasan-yadav.com
846962000000,Yuvaan Kibe,2021-07-03,Male,Lucknow,Meghalaya,8065958336,sahnigokul@gmail.com
737584000000,Chirag Kant,1936-01-01,Female,Chittoor,Madhya Pradesh,913649000000,rmand@yahoo.com
365111000000,Miraan Varghese,2015-09-27,Male,Hapur,Arunachal Pradesh,912650000000,vanyabajaj@sarkar.com
183031000000,Saira Chakraborty,1933-08-01,Male,Visakhapatnam,Manipur,5747290069,shamik50@gmail.com
208195000000,Mohanlal Gera,1978-01-03,Male,Jhansi,Sikkim,5816940682,nirvimahajan@das-sachdeva.com
39824317718,Hansh Sachdev,1965-04-09,Female,Jalna,Tripura,5901904227,senindrajit@hotmail.com
467111000000,Jayesh Dada,1957-12-18,Female,Ujjain,Chhattisgarh,3738150097,manjari35@mander.com
569680000000,Kartik Dayal,2006-09-05,Other,Dehri,Maharashtra,5773529745,navyasarraf@thakkar-shanker.com
411579000000,Ivan Sha,1955-03-13,Male,Miryalaguda,Himachal Pradesh,6877968527,balakrishnananya@hotmail.com
592918000000,Pranay Barman,1987-09-23,Male,Varanasi,Haryana,9251432424,wmann@sawhney.net
100705000000,Divit Roy,2003-07-31,Female,Miryalaguda,Gujarat,1330972483,ranbir75@gmail.com
397311000000,Azad Sridhar,2021-07-20,Male,South Dumdum,Madhya Pradesh,9779018870,priyansh25@chaudhary.com
281600000000,Reyansh Halder,1964-07-28,Male,Katni,West Bengal,1677742409,dhanukchaudhry@yahoo.com
774521000000,Manikya Ganesh,1978-08-26,Male,Jhansi,Uttarakhand,7075823880,reyanshkhare@yahoo.com
763093000000,Ojas Rajan,1971-02-28,Male,Bhiwani,Jharkhand,6384485785,indransbawa@dara.com
992806000000,Onkar Bandi,1932-03-24,Male,Bhimavaram,Tripura,8023241496,kandatiya@yahoo.com
375655000000,Eva Bal,2001-04-20,Other,Anand,Tripura,4336924158,taimur29@gmail.com
443494000000,Advik Tak,1963-07-27,Male,Sangli-Miraj & Kupwad,Tripura,918211000000,shraygala@balakrishnan.com
470226000000,Anika Maharaj,2012-03-15,Other,Bharatpur,Punjab,4491128363,alishamaharaj@yahoo.com
776486000000,Jayant Gupta,1983-07-19,Female,Madanapalle,Kerala,910442000000,drishyawagle@hotmail.com
791034000000,Mamooty Setty,1950-08-14,Female,Bhiwandi,Bihar,4687588426,singhrenee@wason.net
160133000000,Anaya Dhillon,1999-08-08,Other,Jalna,Tamil Nadu,3924903177,yakshit73@wali.com
841404000000,Lavanya Sangha,1956-05-15,Other,Malda,West Bengal,911389000000,badal88@yahoo.com
503092000000,Arnav Bora,1977-05-17,Female,Patiala,Madhya Pradesh,1630363138,renee12@hayre.com
737808000000,Keya Choudhry,2003-07-18,Male,Ghaziabad,Andhra Pradesh,4004992900,chiragdada@gmail.com
517256000000,Yasmin Brar,2011-05-15,Other,Gandhidham,Assam,8619980450,ogaba@kadakia.com
691531000000,Vardaniya Shah,2010-04-06,Other,Rampur,Jharkhand,8652071021,sdora@yahoo.com
103316000000,Nirvaan Guha,2023-09-25,Other,Ghaziabad,Punjab,8646337808,shlokseshadri@gmail.com
807102000000,Tiya Kari,2003-09-04,Male,Kishanganj,Maharashtra,4055952888,aarnaacharya@hotmail.com
990528000000,Tejas Shroff,2015-08-15,Male,Srinagar,Kerala,2949557591,tmaharaj@kota-chandran.com
551408000000,Biju Vig,1948-04-07,Female,Moradabad,Tamil Nadu,918936000000,yuvraj-65@goda.net
892767000000,Aniruddh Sawhney,2006-05-10,Other,Khammam,Nagaland,7534178111,yasmin90@krishnan.net
746916000000,Jayan Sodhi,1965-06-13,Other,Ghaziabad,Goa,4388336123,agandhi@hotmail.com
805459000000,Jivin Gupta,1953-05-19,Male,Bhubaneswar,Sikkim,4374918678,vivaandyal@hotmail.com
337080000000,Suhana Garde,1931-05-09,Female,Mangalore,Andhra Pradesh,188721482,zain31@hotmail.com
659206000000,Tarini Kota,1943-11-30,Male,Kadapa,Mizoram,919011000000,rattadarshit@yahoo.com
349381000000,Miraan Chokshi,1968-10-12,Male,Gandhidham,Andhra Pradesh,7732545957,bhasinnirvaan@cherian.com
126693000000,Vritika Chaudhry,1972-06-25,Female,Sambalpur,Chhattisgarh,630108574,daveyuvraj@hotmail.com
806129000000,Saanvi Varughese,2011-01-25,Female,Ahmednagar,Kerala,3379695351,ivan80@yahoo.com
309745000000,Umang Sankaran,1937-02-17,Other,Berhampur,Andhra Pradesh,7976694425,mishasood@yahoo.com
480855000000,Diya Ganesh,1967-01-14,Male,Tumkur,Jharkhand,9831976236,golakashvi@sinha.com
766435000000,Raunak Bora,1966-11-08,Other,Panvel,Jharkhand,917106000000,anvi32@gmail.com
485539000000,Anya Kalita,1996-04-20,Female,Gopalpur,West Bengal,916100000000,ydutt@yahoo.com
129781000000,Navya Sarraf,1997-03-02,Male,Gangtok,Sikkim,175291269,lsha@manne.com
947863000000,Navya Agrawal,1996-09-28,Female,Ghaziabad,Haryana,913447000000,yohannandhanuk@sekhon.net
318157000000,Divit Sethi,2017-01-03,Other,Raebareli,Arunachal Pradesh,3124753033,bainsela@hotmail.com
729232000000,Miraan Vohra,1984-06-14,Female,Nanded,Tripura,96958665,lshere@kara.net
634099000000,Drishya Raman,1952-12-29,Male,Sonipat,Karnataka,5643314276,kavyalalla@gmail.com
759569000000,Mohanlal Jhaveri,1930-09-22,Other,Coimbatore,Maharashtra,5944268376,vsarraf@chahal-chaudhuri.net
619858000000,Anahi Chauhan,1926-08-06,Other,North Dumdum,Uttarakhand,914721000000,taimur76@hotmail.com
693098000000,Baiju Loke,1955-01-21,Female,Indore,Tripura,914200000000,hkorpal@yahoo.com
151975000000,Krish Loke,1936-11-18,Female,Jamnagar,Karnataka,918167000000,frao@hotmail.com
569056000000,Lakshit Deo,1950-08-28,Male,Udupi,Madhya Pradesh,625017908,eshani29@seshadri-kunda.com
141075000000,Dhanush Sule,1978-08-22,Male,Aurangabad,Mizoram,1929444040,manikyaravel@chandran-chakraborty.net
565163000000,Aarush Rattan,1937-09-26,Female,Unnao,Tamil Nadu,9113374098,aniruddh45@hotmail.com
528240000000,Taran Venkataraman,2010-11-01,Other,Ambattur,Jharkhand,183032782,sahilsangha@andra-chatterjee.com
115501000000,Bhamini Dar,1977-02-10,Male,Kolhapur,Tripura,8691026338,grewalamira@kuruvilla-bala.com
458531000000,Aayush Sarin,1954-01-27,Female,Sagar,Sikkim,4476610945,deshpandedevansh@rajagopalan.com
310371000000,Krish Dua,1948-05-24,Other,Raiganj,Nagaland,4468019905,ratisetty@wali.org
434486000000,Yuvaan Kant,1958-01-02,Male,Deoghar,Meghalaya,915472000000,chiragsaraf@hotmail.com
810106000000,Lakshit Barad,1931-07-22,Female,Jamshedpur,Himachal Pradesh,1042209024,kotabhavin@hotmail.com
865421000000,Nishith Magar,1991-05-15,Female,Vasai-Virar,Haryana,6433288673,nsharma@yahoo.com
435428000000,Jiya Sanghvi,2008-07-29,Male,Saharsa,Manipur,915071000000,rasha60@gmail.com
939745000000,Ivan Kohli,1985-11-24,Female,Kavali,Nagaland,911222000000,bahrijhanvi@ramesh.com
228370000000,Uthkarsh Shanker,2018-09-28,Female,Cuttack,Chhattisgarh,5457486035,samarthsheth@gmail.com
578727000000,Charvi Sundaram,2016-06-03,Other,Durg,Assam,9173439430,prisha82@rajagopal-khosla.com
936821000000,Samarth Jayaraman,1934-01-12,Female,Nagpur,Nagaland,9064782620,wsachdev@hotmail.com
714197000000,Gatik Bawa,1996-09-26,Male,Kottayam,Gujarat,910549000000,asrivastava@raval-barman.com
455336000000,Yuvraj  Shere,1938-03-08,Other,Aurangabad,Haryana,3416384590,faiyazmangal@yahoo.com
532242000000,Suhana Chopra,1985-01-28,Female,Guntakal,Uttarakhand,4996475768,kavya61@gmail.com
627296000000,Piya Khosla,1996-08-09,Male,Tumkur,Himachal Pradesh,919067000000,divittata@gmail.com
637674000000,Saira Mander,1950-07-25,Other,Gangtok,Haryana,914449000000,balasaira@yahoo.com
779239000000,Yashvi Walla,1943-12-24,Male,Bhavnagar,Assam,2788833303,chandravihaan@gmail.com
829229000000,Kiara Grover,1934-09-27,Other,Ramgarh,Uttarakhand,916057000000,agoyal@ramanathan.org
505351000000,Nakul Dash,1941-12-03,Female,Panchkula,Bihar,5906101341,yakshitagrawal@upadhyay.com
385046000000,Gatik Dara,1939-02-28,Female,Miryalaguda,Haryana,292022156,tripathinavya@baral.info
74430183138,Romil Sundaram,1933-03-21,Female,Durgapur,Andhra Pradesh,910433000000,ela47@srinivasan.info
821925000000,Keya Sinha,1927-11-06,Male,Yamunanagar,Chhattisgarh,5555222025,suhanasuri@salvi.net
677787000000,Shlok Yadav,2023-07-10,Male,Hazaribagh,Karnataka,915638000000,xdugal@gmail.com
191173000000,Devansh Deep,1964-01-05,Female,Rewa,Kerala,910028000000,thamanabram@badami.com
547484000000,Aarav Basak,1959-02-23,Female,Ambattur,Nagaland,8521180428,qsachdeva@karpe-hayer.com
829068000000,Shayak Dada,1994-10-24,Female,Patna,Assam,4935789777,jayan88@bajaj.com
31813115075,Samaira Apte,1935-11-08,Male,Sirsa,Odisha,914303000000,aayushsahota@srinivasan-kohli.biz
865186000000,Mahika Vaidya,1995-11-22,Other,Siwan,Tripura,912385000000,krish02@bhatia.com
448605000000,Krish Tandon,1947-07-23,Other,Warangal,Tamil Nadu,9279585257,phayer@yahoo.com
743520000000,Hazel Tripathi,1991-04-15,Other,Yamunanagar,Nagaland,6615026740,nshetty@sarna.net
201071000000,Manikya Balasubramanian,1998-07-28,Male,Eluru,Tamil Nadu,5900961036,myrakumar@yahoo.com
959991000000,Pihu Dass,2005-11-23,Other,Tadipatri,Sikkim,914425000000,priyansh57@yahoo.com
755534000000,Samar Ravel,2010-04-18,Female,Jhansi,Manipur,1194781810,jivin55@gmail.com
906998000000,Badal Kakar,1953-09-11,Male,Madanapalle,Assam,916632000000,yohannanpari@behl-mane.biz
740332000000,Ritvik Chakrabarti,1935-10-03,Female,Machilipatnam,Uttarakhand,2635579792,pihusahota@yahoo.com
951311000000,Mehul Mani,1928-05-14,Other,Vasai-Virar,Tamil Nadu,6743154040,jivin36@yahoo.com
645132000000,Taimur Devi,1977-04-05,Male,Anantapur,Karnataka,852760757,nreddy@bhat.com
843316000000,Ranbir Ramaswamy,1956-10-11,Female,Bareilly,Tripura,6608862436,vidurganguly@ganesan-varughese.org
733931000000,Riaan Korpal,1978-03-26,Other,Haldia,Manipur,3696717876,anahita72@yahoo.com
576144000000,Ishaan Basu,1986-10-06,Other,Khora ,Kerala,913466000000,ayesha47@chana.com
406511000000,Charvi Mani,1958-05-22,Other,Davanagere,Madhya Pradesh,917266000000,baiju21@yahoo.com
308946000000,Miraan Halder,1937-10-07,Other,Adoni,Nagaland,1924157875,lchaudhry@sinha-sethi.com
437905000000,Kavya Deol,1951-12-04,Other,Firozabad,Arunachal Pradesh,299954583,iravel@gmail.com
381735000000,Azad Kar,1941-08-15,Male,Sirsa,Goa,918466000000,nirvijhaveri@yahoo.com
893065000000,Tara Rau,2000-02-07,Other,Ichalkaranji,Mizoram,917361000000,mamooty24@vyas-sehgal.com
116019000000,Kartik Varma,1934-10-10,Other,Jorhat,Rajasthan,3292425360,waliadvika@raval.net
490459000000,Heer Choudhry,1928-04-13,Other,Gurgaon,Mizoram,914017000000,sankarmamooty@gmail.com
975650000000,Tushar Tank,1932-07-02,Male,Sagar,Tripura,8847397645,vanyaravi@gmail.com
604271000000,Saira Edwin,1947-11-16,Female,Raurkela Industrial Township,Assam,325090525,jivinrandhawa@hotmail.com
785968000000,Vidur Kibe,1966-05-25,Female,Sambalpur,Karnataka,1761828754,msani@hotmail.com
2701356103,Myra Som,1938-07-06,Male,Bulandshahr,Madhya Pradesh,915291000000,tarinidada@jha-khalsa.net
430621000000,Farhan Bobal,1991-11-30,Female,Khammam,Uttarakhand,917122000000,bhattidrishya@suri.com
956819000000,Azad Ganesan,1949-12-22,Female,Bikaner,Uttarakhand,3726828934,agateshayak@hotmail.com
313067000000,Vivaan Srinivas,1950-01-29,Female,Akola,Madhya Pradesh,8530017508,zsheth@jain.com
801870000000,Kimaya Sahni,1931-01-19,Other,Bikaner,Andhra Pradesh,4766805541,anaya33@yahoo.com
654213000000,Ira Kant,1995-06-16,Male,Thoothukudi,Kerala,2672629736,divyanshchoudhary@hotmail.com
55741655227,Madhup Doctor,2009-02-21,Other,Nagercoil,Himachal Pradesh,5767742572,neelofar31@gmail.com
890180000000,Ishaan Borde,2016-04-11,Other,Bikaner,West Bengal,915982000000,rashasuresh@gmail.com
817871000000,Aaryahi Amble,1964-11-18,Female,Vadodara,Kerala,6337505414,qarora@yahoo.com
820790000000,Mannat Rastogi,1930-05-17,Male,Mathura,Telangana,915214000000,lbera@hotmail.com
966846000000,Pranay Sinha,1960-07-09,Female,Hajipur,Jharkhand,9519746389,sahil23@gmail.com
593377000000,Aarav Bora,1925-04-27,Other,Salem,Uttar Pradesh,4113188011,tanejavihaan@bala-ranganathan.org
338784000000,Sumer Zachariah,1983-12-15,Male,Hapur,Assam,8313695745,rameshrania@hotmail.com
891879000000,Hrishita Cheema,1976-01-17,Other,Bikaner,Manipur,4110892344,routhiran@basak.com
16489800773,Anika Lata,1955-08-03,Male,Ongole,Chhattisgarh,912245000000,stuvan15@khosla-magar.com
772944000000,Aniruddh Mani,1975-08-22,Female,Bilaspur,Tamil Nadu,675878547,yakshit67@iyer.com
522679000000,Kiara Kulkarni,1993-03-24,Other,Bilaspur,Meghalaya,3050219732,zeeshan36@yahoo.com
264282000000,Yashvi Gera,1984-06-06,Female,Rajkot,Assam,8818742410,warriorparinaaz@dhillon.com
74541332583,Adira Dar,2006-02-23,Female,Agartala,Uttarakhand,4137226408,bchacko@karpe.com
109146000000,Hiran Raj,1927-12-26,Female,Mira-Bhayandar,Jharkhand,913312000000,balakrishnansamarth@gmail.com
717518000000,Navya Bains,2007-05-07,Other,Saharsa,Odisha,4419633399,emir17@gmail.com
698219000000,Faiyaz Agate,1929-07-06,Male,Orai,Jharkhand,2700237272,jsarkar@gmail.com
167505000000,Mannat Mall,2000-01-23,Other,Kirari Suleman Nagar,Madhya Pradesh,913293000000,chaudhryshaan@gmail.com
489279000000,Jiya Baria,1929-04-10,Male,Machilipatnam,Himachal Pradesh,5838531051,ibalay@gmail.com
667768000000,Hridaan Lal,1954-02-05,Male,Munger,Assam,914811000000,amiradhawan@hotmail.com
162340000000,Shamik Mahal,1965-06-18,Female,Kavali,Bihar,6753020610,ahujaaarav@yahoo.com
584121000000,Rati Hegde,1969-11-03,Female,Ambarnath,Karnataka,919146000000,kabir89@gmail.com
768672000000,Kismat Kuruvilla,2004-11-02,Other,South Dumdum,Assam,918070000000,lakshay19@hotmail.com
785702000000,Mahika Sathe,1923-05-06,Male,Farrukhabad,Arunachal Pradesh,2094940962,miraya98@sastry.net
143602000000,Misha Kaur,1971-12-12,Male,Tiruchirappalli,Uttarakhand,5261913692,hrishitadevan@yahoo.com
255661000000,Aayush Deep,1989-04-27,Other,Bangalore,Haryana,913520000000,ravishray@gmail.com
943971000000,Biju Sarraf,2023-05-14,Female,Ratlam,Manipur,4877707867,piya20@yahoo.com
64925537644,Ranbir Dalal,1940-01-14,Female,Naihati,Tamil Nadu,4839134390,indrajitsom@hotmail.com
665613000000,Mohanlal Srinivasan,1990-03-25,Other,Belgaum,Jharkhand,918243000000,armaanvenkatesh@bakshi.com
492872000000,Dharmajan Mallick,1946-12-10,Female,Tezpur,Maharashtra,4432124135,fsharma@gmail.com
678194000000,Arhaan Ghose,2012-03-30,Male,Mumbai,Telangana,919199000000,nishith28@yahoo.com
31989445485,Aradhya Borah,1936-03-05,Male,Mathura,Rajasthan,9210215596,vanya77@yahoo.com
860800000000,Mamooty Sampath,2003-03-23,Female,Tezpur,Nagaland,913517000000,aaryahi53@gmail.com
406179000000,Ranbir Ghose,1971-11-06,Female,Miryalaguda,Jharkhand,8234678287,saxenasana@iyer-gandhi.com
803431000000,Parinaaz Chander,2019-10-12,Female,Belgaum,Haryana,8282526178,gmaharaj@gmail.com
909989000000,Saksham Ganguly,1947-12-28,Male,Ludhiana,Himachal Pradesh,919426000000,chowdhuryuthkarsh@yahoo.com
906792000000,Piya Goswami,2003-05-31,Other,Bhopal,Tripura,9774167987,kashvi32@dewan.net
847222000000,Vivaan Agate,1942-08-15,Male,Amaravati,West Bengal,6825586743,bahrinirvaan@hotmail.com
358411000000,Nayantara Shroff,1931-08-20,Female,Miryalaguda,Assam,7309657545,shaharhaan@maharaj.com
373281000000,Romil Dugar,1932-03-12,Male,Ranchi,Tamil Nadu,2465624217,emaharaj@andra.com
527780000000,Nirvi Seth,1928-08-08,Other,Khandwa,Manipur,1740319699,singhalbhamini@varkey.com
658841000000,Oorja Gandhi,1973-06-21,Female,Bhagalpur,Mizoram,9209124138,lagan22@yahoo.com
906890000000,Charvi Chadha,1946-04-19,Male,Bhiwandi,Jharkhand,394412614,jgandhi@yahoo.com
591630000000,Yasmin Hari,1965-07-28,Female,Orai,Karnataka,4720619457,bganesh@hotmail.com
955338000000,Krish Bajaj,2001-11-19,Male,Bhalswa Jahangir Pur,Bihar,917552000000,onkarbrar@gmail.com
545199000000,Kanav Kari,1926-05-09,Other,Bareilly,Nagaland,8829524934,kabir18@gmail.com
388373000000,Jiya Singhal,2013-07-29,Male,Tenali,Uttarakhand,38613973,boaselagan@gmail.com
610779000000,Ishaan Bains,1964-04-05,Female,Kulti,Haryana,915727000000,reyanshbalasubramanian@swaminathan-sathe.org
387833000000,Zoya Dash,1934-08-02,Female,Visakhapatnam,Maharashtra,1982145185,aayushkamdar@mani.com
483743000000,Ishaan Soni,1943-05-04,Male,Durgapur,Nagaland,7557606192,skulkarni@ramesh.com
190767000000,Rasha Dash,2008-09-11,Male,Udupi,Uttar Pradesh,6271792434,neysa71@hotmail.com
816576000000,Divit Lalla,1994-01-01,Male,Saharanpur,Arunachal Pradesh,4904862715,hirankapadia@kalla-sidhu.com
126508000000,Madhup Kalita,2015-05-17,Female,Bongaigaon,Rajasthan,3646596813,zbiswas@varughese.com
550555000000,Rhea Chokshi,1949-02-22,Other,Srikakulam,Assam,911430000000,valadevansh@gmail.com
380468000000,Gatik Gokhale,1989-10-07,Other,Kumbakonam,Goa,9519509109,miraya57@boase.net
986656000000,Amani Maharaj,1965-08-18,Other,Kavali,Jharkhand,7107565014,daminiagate@gmail.com
565569000000,Zeeshan Bhakta,1966-10-04,Male,Chinsurah,Uttar Pradesh,1773047676,miraan82@hotmail.com
818284000000,Ivan Gade,1929-08-24,Female,Amravati,Chhattisgarh,916198000000,ivan91@chahal-bhatia.biz
295336000000,Taran Sha,1987-10-25,Male,Rewa,Uttar Pradesh,7589304942,kataayesha@rajan.biz
817459000000,Shlok Handa,2014-06-22,Male,Saharanpur,West Bengal,72719168,tray@hotmail.com
713643000000,Faiyaz Singh,1994-03-26,Male,Kolhapur,Meghalaya,7719443676,bvarghese@gill-handa.biz
852828000000,Kiaan Sankar,1986-07-01,Female,Shimla,Maharashtra,915365000000,hkeer@gmail.com
729015000000,Bhavin Kalla,1924-01-06,Female,Bangalore,Punjab,5073384045,jayant47@lad-balan.com
713327000000,Shaan Shukla,1972-02-07,Male,Dehri,Mizoram,6782436457,faiyaz03@yahoo.com
545699000000,Neelofar Buch,1948-03-25,Female,Alwar,Manipur,910669000000,shettyakarsh@hotmail.com
389362000000,Vidur Kapoor,1925-02-02,Female,Lucknow,Gujarat,919741000000,divansaira@yahoo.com
921255000000,Anaya Chakrabarti,1946-06-05,Female,Adoni,Karnataka,8836913107,kairajoshi@yahoo.com
985174000000,Dhanuk Chaudhary,2010-03-05,Other,Sri Ganganagar,West Bengal,8178687910,esekhon@mani.net
600445000000,Kiara Bala,1974-06-12,Other,Kottayam,Jharkhand,9902813603,fsoman@sekhon.net
999785000000,Kashvi Sahota,1970-03-25,Other,Siliguri,Meghalaya,3456748416,ojas87@taneja.net
649813000000,Prerak Bhatt,1929-08-08,Other,Panipat,Himachal Pradesh,910308000000,sara93@hotmail.com
326530000000,Jivin Subramanian,1959-06-09,Female,Mirzapur,Tripura,7624252697,shray57@dani.net
895801000000,Advika Yadav,2014-04-18,Female,Aligarh,Uttarakhand,9955087400,indranilkala@gmail.com
106072000000,Damini Zachariah,1923-08-09,Female,Begusarai,Punjab,9272522640,usibal@gmail.com
317056000000,Khushi Dass,1959-09-17,Female,Kakinada,Kerala,1391968941,kavya91@hotmail.com
254994000000,Nitara Banik,1946-11-05,Female,Shahjahanpur,Uttarakhand,1399854077,zbalan@hotmail.com
323793000000,Kaira Solanki,2021-12-31,Other,Varanasi,Kerala,2392133909,vartygokul@yahoo.com
213000000000,Adah Samra,2012-03-12,Male,Medininagar,Nagaland,1949356897,suraaaryahi@ranganathan-manda.com
677379000000,Dishani Kumar,1992-06-26,Other,Pudukkottai,Jharkhand,4867018626,khatrimyra@gmail.com
278481000000,Alia Kara,1967-12-09,Female,Ballia,Goa,3339131319,barmansamiha@chaudhry.org
29990492997,Darshit Sunder,1971-11-03,Other,Jamshedpur,Uttarakhand,7193412234,nayantara25@borde.com
21511416842,Yasmin Baria,1995-02-17,Female,Pimpri-Chinchwad,Maharashtra,9594793340,reneekar@hotmail.com
166667000000,Biju Grover,1981-07-18,Male,Munger,Tripura,913674000000,gokulkale@hotmail.com
112167000000,Biju Suri,1976-12-27,Male,Parbhani,Nagaland,4573779948,sahilbhardwaj@biswas-choudhury.com
843094000000,Jivika Bath,2023-11-09,Male,Gwalior,Manipur,2546913036,amani32@mahajan.com
653438000000,Amani Barad,2007-11-07,Female,Mahbubnagar,Odisha,915017000000,rhea68@hotmail.com
713284000000,Shanaya Dhar,1993-05-05,Female,Orai,Chhattisgarh,914283000000,fmangat@guha.org
211331000000,Siya Kara,1925-10-30,Male,Pali,Jharkhand,910990000000,sakshamkhare@yahoo.com
559361000000,Raghav Sachdev,1945-07-26,Other,Maheshtala,Uttar Pradesh,9156423409,xbawa@hotmail.com
747775000000,Keya Mani,2013-02-14,Male,Surat,Gujarat,8432789191,inaaya-87@bhandari.com
233106000000,Indrans Dhingra,1979-06-10,Other,Haldia,Maharashtra,5111947015,hmand@gmail.com
288697000000,Onkar Hayre,1941-02-27,Male,Chandrapur,Arunachal Pradesh,917858000000,xvala@hotmail.com
597047000000,Prisha Salvi,1995-01-13,Female,Kadapa,Maharashtra,913993000000,dharmajan81@hotmail.com
775176000000,Ahana  Manne,1984-09-21,Male,Karnal,Maharashtra,1102554881,mahajankeya@gmail.com
862255000000,Tiya Ghose,2004-05-20,Female,Nagercoil,Jharkhand,911039000000,qkumer@hotmail.com
583344000000,Khushi Goswami,1996-10-23,Female,Amravati,Nagaland,4390621421,reneeganguly@walia-mahajan.com
883284000000,Indranil Dhar,1974-08-10,Female,Sagar,Tripura,9707923100,raniadey@karan.com
441589000000,Jayan Khatri,1938-05-11,Other,Adoni,Uttarakhand,9255014317,xbhatia@hotmail.com
350847000000,Zain Kala,1943-05-17,Other,Bathinda,Uttarakhand,919370000000,sharafnayantara@gmail.com
765794000000,Rati Ramaswamy,2023-07-13,Male,Buxar,Tripura,2558586434,sodhirasha@gmail.com
593764000000,Akarsh Butala,1973-07-26,Male,Siwan,Gujarat,2059019336,sarmayuvraj@gmail.com
592633000000,Nirvaan Gera,2003-03-24,Other,Chandigarh,West Bengal,5275369336,okumer@gmail.com
930965000000,Umang Chakraborty,1981-03-30,Other,New Delhi,Punjab,911504000000,qbatta@virk-barman.com
717493000000,Indrans Lal,2011-11-16,Male,Mangalore,Assam,913307000000,samarthraju@gmail.com
162133000000,Sahil Mander,2009-12-26,Male,Ratlam,Manipur,4200202802,yashvimane@hotmail.com
73278872929,Madhup Dube,2008-12-25,Other,Shimla,Himachal Pradesh,8145869401,nirvi24@golla-malhotra.net
981485000000,Azad Bhakta,1985-11-10,Male,Guna,Chhattisgarh,8212617615,dishani79@gmail.com
419420000000,Raghav Comar,2000-03-18,Other,Belgaum,Himachal Pradesh,973329630,sahnialisha@gmail.com
589729000000,Azad Khare,1980-09-15,Male,Sirsa,Manipur,915569000000,jbhatia@amble.com
422449000000,Divyansh Seshadri,1962-05-20,Other,Shimla,Telangana,917647000000,mehultaneja@amble.info
813644000000,Manjari Kale,1955-12-11,Female,Muzaffarpur,Tripura,3094778719,wagleadah@hotmail.com
310828000000,Fateh Vasa,1945-07-26,Other,Visakhapatnam,Rajasthan,7757816308,aayush57@hotmail.com
398023000000,Shamik Dugar,1942-01-19,Male,Katihar,Mizoram,5589944946,uchander@chaudry.biz
148352000000,Emir Chada,1929-10-05,Other,Hospet,Uttarakhand,4651456591,divit29@gera.org
789914000000,Manikya Dave,2012-02-11,Female,Pallavaram,Uttarakhand,919719000000,ltripathi@yahoo.com
631589000000,Bhavin Agate,2013-01-05,Male,Jaunpur,Maharashtra,919853000000,sankarnayantara@hotmail.com
88788958984,Tarini Sarraf,1962-12-28,Female,Tiruvottiyur,Madhya Pradesh,917024000000,jhazain@hotmail.com
921727000000,Ryan Grover,1946-11-20,Male,Sri Ganganagar,Rajasthan,7888899038,devanshguha@yahoo.com
44017476609,Raunak Sinha,1958-01-21,Male,Chittoor,West Bengal,915201000000,samarth44@bhavsar-kari.com
471093000000,Anvi Dugar,1968-03-30,Male,Bathinda,Uttar Pradesh,3790107826,ela99@gmail.com
526089000000,Indranil Brahmbhatt,2018-02-05,Female,Vadodara,Mizoram,919126000000,vchaudhuri@gmail.com
407915000000,Priyansh Goyal,1961-06-28,Other,Navi Mumbai,Uttar Pradesh,917977000000,hdayal@gmail.com
433875000000,Ayesha Wali,1962-05-26,Male,Ahmedabad,Tripura,7207882577,romilamble@thaman.biz
874747000000,Elakshi Rajagopalan,1994-10-10,Other,Danapur,Kerala,919518000000,wmallick@vala-chokshi.com
159226000000,Jayesh Devan,2019-12-19,Female,Bellary,Arunachal Pradesh,8053593281,arhaankhurana@gmail.com
378531000000,Alisha Cheema,1983-09-09,Male,Hospet,Tamil Nadu,13161863,adesai@dua.org
352102000000,Eva Bhargava,1988-01-16,Male,Gaya,Chhattisgarh,917934000000,bghosh@brar.org
92574511129,Anahita Karpe,1968-09-27,Other,Bhalswa Jahangir Pur,Uttarakhand,7679868301,sairasaraf@gmail.com
73869855173,Sumer Walla,2003-04-22,Female,Anantapuram,Rajasthan,2748792908,tarini50@yahoo.com
629544000000,Kiaan Thakur,1981-03-07,Other,Navi Mumbai,Arunachal Pradesh,3184264176,iragill@hotmail.com
637858000000,Hunar Ghosh,1988-04-04,Male,Panchkula,Andhra Pradesh,7101533963,sarinojas@hotmail.com
156712000000,Adah Shukla,1946-05-07,Male,Shahjahanpur,Telangana,913309000000,fbajaj@yahoo.com
965700000000,Raghav Dani,1999-05-12,Other,Naihati,Bihar,4275560554,sara60@yahoo.com
134730000000,Misha Kaul,1994-06-24,Male,Hosur,Kerala,5725746970,hswaminathan@swamy.com
216338000000,Neysa Dutt,1964-06-08,Other,Bellary,Nagaland,919897000000,ishaan56@ramesh.com
519224000000,Hrishita Manne,1995-01-27,Female,Hospet,Uttar Pradesh,912665000000,bdugal@mane.com
856922000000,Khushi Sani,2013-09-17,Other,Alwar,Tamil Nadu,1071440681,ramadivij@comar.org
753549000000,Dhanush Wadhwa,1970-07-02,Male,Katni,Punjab,2090712992,balakrishnantara@badal.org
86382438082,Ayesha Chana,1994-07-25,Male,Rewa,Sikkim,7424127936,virkbadal@krishna.com
181300000000,Sumer Lanka,1984-08-12,Other,Ahmedabad,Nagaland,1314726148,anika47@hotmail.com
923652000000,Miraan Batra,1977-06-21,Male,Raichur,Assam,917594000000,dchandran@grewal.com
622767000000,Vaibhav Bail,2014-01-17,Other,Serampore,Sikkim,2700612379,divij81@yahoo.com
230068000000,Ishita Sangha,1959-04-19,Female,Thiruvananthapuram,Kerala,3383375929,mbatra@gmail.com
620566000000,Hunar Ghose,1955-03-22,Male,Jamnagar,Gujarat,5268717309,zoyabobal@kade.biz
797362000000,Ishita Edwin,1973-04-13,Female,Panchkula,Chhattisgarh,1160201517,qsama@yahoo.com
494057000000,Dhanuk Arora,1987-03-06,Male,Motihari,Kerala,913834000000,indransdayal@yahoo.com
130163000000,Armaan Kurian,1945-04-01,Female,Gorakhpur,Gujarat,916593000000,stuvan21@ramachandran-bains.org
906448000000,Yasmin Sami,1993-11-11,Male,Malda,Sikkim,5677836786,tluthra@soni.net
232611000000,Nishith Bansal,1992-10-05,Female,Sagar,Rajasthan,1079718439,dasstiya@shukla-bath.com
245794000000,Romil Krish,1960-12-14,Male,Bhavnagar,Kerala,9813510188,zainabains@seshadri.com
28605085710,Lakshay Goyal,1986-05-10,Female,Ballia,Chhattisgarh,5410586792,krishdhar@viswanathan.com
457808000000,Zeeshan Kibe,1951-05-14,Female,Coimbatore,Arunachal Pradesh,3980374750,samar78@raman.com
459586000000,Vritika Kala,2022-11-09,Female,Orai,Haryana,919632000000,shankarsamiha@yahoo.com
457823000000,Divyansh Saini,1949-11-28,Female,Raebareli,Rajasthan,803693924,yasmin61@hotmail.com
137861000000,Aaina Dugar,2022-07-10,Male,Bathinda,Bihar,912098000000,advikakoshy@hotmail.com
457505000000,Jhanvi Chaudhuri,2003-01-20,Female,Motihari,Bihar,8213998232,rati72@gmail.com
739246000000,Eshani Vyas,1990-12-27,Male,Vijayanagaram,Madhya Pradesh,910762000000,ishaangoswami@kari-shankar.com
491410000000,Pari Arora,2006-05-08,Male,Chittoor,Mizoram,919289000000,nirvi73@vig-saini.biz
835240000000,Hansh Aurora,2017-10-14,Other,Vasai-Virar,Mizoram,6731626351,ahluwaliataimur@bhandari.info
812374000000,Lagan Ram,1937-06-09,Female,Mysore,Assam,915798000000,duttpari@gmail.com
417745000000,Dhanush Chad,1994-05-02,Male,Udupi,Andhra Pradesh,918758000000,siyasinha@dhar-kurian.info
445214000000,Nirvi Shan,1941-12-26,Male,Bhatpara,Madhya Pradesh,3982479103,ryanbava@gmail.com
986027000000,Aarush Kadakia,2001-02-19,Other,Udupi,Kerala,7940310720,inaaya-24@yahoo.com
371366000000,Pranay Sawhney,2023-02-09,Male,Chandrapur,Manipur,917647000000,ydhawan@deshmukh-chhabra.info
590840000000,Shlok Sehgal,1962-01-10,Other,Morena,Rajasthan,5636780111,malldivit@upadhyay-rau.com
259051000000,Vedika Chahal,1949-03-07,Male,Gorakhpur,Andhra Pradesh,9380952720,krish48@yahoo.com
839078000000,Vardaniya Chand,2009-10-06,Male,Bhagalpur,Goa,913154000000,psem@krishnamurthy.com
331592000000,Ishita Kulkarni,1989-09-01,Other,Khammam,Assam,6578919729,maharajritvik@yahoo.com
505501000000,Siya Bail,1981-01-20,Female,Bokaro,Goa,1098046498,bshanker@yahoo.com
385376000000,Emir Shanker,2006-09-24,Other,Junagadh,Punjab,1663000721,taimur16@chand.net
953715000000,Elakshi Thakur,1992-01-10,Female,Bongaigaon,Bihar,9980871788,kaulivana@bora.com
473807000000,Lagan Hari,1984-01-09,Male,Anantapur,Odisha,8948412675,srana@hotmail.com
54414263871,Mahika Borde,2013-10-16,Female,Chandigarh,Uttarakhand,665481544,mishtishroff@hotmail.com
197079000000,Anahi Talwar,1932-10-11,Other,Medininagar,Himachal Pradesh,919049000000,diyashah@sule.info
560483000000,Rasha Gade,1938-04-26,Male,Morbi,Bihar,4212843118,aarnatata@walia.info
137692000000,Rati Devi,1945-12-17,Other,Chennai,Goa,3370338238,lagan58@karan.com
16917916457,Miraan Sharaf,1928-05-03,Male,Proddatur,Maharashtra,913490000000,rastogirania@bal.biz
210870000000,Yuvaan Sandal,1926-12-25,Female,Sirsa,Chhattisgarh,5002472810,seshadriindrans@wadhwa-raju.com
5787144067,Aayush Dara,1933-07-01,Female,Bokaro,Haryana,5770481927,aradhya25@hotmail.com
17068522766,Riaan Gade,2014-10-04,Female,Karawal Nagar,Nagaland,913790000000,nbiswas@lal-din.org
320299000000,Mahika Sehgal,1972-04-28,Other,Visakhapatnam,Haryana,4603197115,vdhillon@gmail.com
408769000000,Myra Sahni,1925-10-29,Other,Mira-Bhayandar,Bihar,790091412,azad52@varma.com
919418000000,Aaryahi Sunder,1971-03-31,Female,Medininagar,Himachal Pradesh,917941000000,mwarrior@hotmail.com
479857000000,Lavanya Dugar,1993-07-30,Female,Durg,Karnataka,4084627940,sekhonadira@hotmail.com
275830000000,Anvi Venkataraman,2009-02-15,Other,Suryapet,Bihar,910963000000,shettyzara@golla.biz
46801529648,Ira Dhingra,2002-06-28,Female,Bhavnagar,Uttarakhand,2304585300,gsavant@sachar-aggarwal.com
492854000000,Hunar Soman,1940-05-15,Other,Aizawl,Bihar,913819000000,jiya51@hotmail.com
478230000000,Kavya Balasubramanian,1974-12-21,Male,Karnal,Meghalaya,5171892052,kuruvillamisha@balan-varkey.biz
763600000000,Oorja Rana,1960-07-01,Female,Lucknow,Jharkhand,3000414427,qvarughese@yahoo.com
164094000000,Alia Soman,1931-12-04,Male,Thiruvananthapuram,Chhattisgarh,917712000000,bhavin02@yahoo.com
421009000000,Lakshit Mandal,1928-09-29,Other,Chapra,Uttarakhand,7696250508,pgandhi@dalal.com
551004000000,Damini Bumb,2001-06-05,Male,Chennai,Manipur,3265825144,anahi44@mahajan-ganesan.com
698238000000,Saira Rajan,1943-11-03,Male,Jamshedpur,Telangana,9521778772,sairasekhon@chacko-ravel.biz
735496000000,Divit Mammen,1956-11-01,Other,Kanpur,Madhya Pradesh,729642634,sarkarumang@dave-chaudry.com
265567000000,Hazel Gopal,1969-04-02,Male,Secunderabad,Sikkim,132572262,ishitavarkey@gmail.com
740079000000,Siya Lanka,2005-12-14,Male,Berhampore,Nagaland,2325989148,varughesefarhan@hotmail.com
80407524788,Taran Sankar,2006-04-04,Other,Chinsurah,Meghalaya,912718000000,dhruvmander@yahoo.com
238755000000,Ritvik Iyer,1960-08-09,Female,Danapur,Karnataka,7096371199,hridaan35@gmail.com
446544000000,Anahi Soman,1929-10-07,Male,Kharagpur,Karnataka,914581000000,sethtanya@balakrishnan.com
58306126353,Rania Tank,1999-05-31,Other,Rampur,Arunachal Pradesh,913095000000,aarushkibe@dar.com
930612000000,Ritvik Vala,2020-04-02,Other,Moradabad,Himachal Pradesh,7728880383,ysama@sur-thaman.com
39482854293,Aarush Gupta,1993-07-25,Other,Panihati,Assam,2297746764,aaina65@bansal.info
686560000000,Prerak Brar,1979-10-20,Female,Panihati,Tamil Nadu,6946602982,ojaskota@barad-mallick.org
421592000000,Aarna Wali,1938-07-15,Male,Chinsurah,Nagaland,1052218815,gadebaiju@sarkar-singh.info
52542923844,Pihu Dhillon,1944-12-29,Male,Ulhasnagar,Meghalaya,1212433892,devicharvi@yahoo.com
286434000000,Ayesha Kapoor,1947-04-07,Female,Ahmedabad,Goa,659503402,neelofar96@yahoo.com
6981923342,Shamik Dyal,1936-01-28,Other,Patna,Assam,1518931669,gloyal@yahoo.com
788267000000,Taran Chakraborty,2018-06-08,Other,Indore,Karnataka,9144337124,kadeela@hotmail.com
995491000000,Jhanvi Dani,1934-08-03,Female,Coimbatore,Himachal Pradesh,7438818183,elakshitripathi@yahoo.com
210196000000,Seher Bumb,2001-01-13,Other,Machilipatnam,Rajasthan,5479899192,chandtaimur@hotmail.com
392159000000,Samiha Chand,2021-04-11,Male,Jabalpur,West Bengal,1964735002,battariaan@de-trivedi.net
33223558821,Arhaan Ghose,1985-04-25,Male,Aurangabad,Himachal Pradesh,918776000000,jrana@gmail.com
545322000000,Dhanuk Ahuja,1970-07-31,Other,Amravati,Sikkim,915517000000,divyanshray@kala.com
355866000000,Shanaya Mani,1942-01-08,Male,Dewas,Tamil Nadu,7192524683,aaryahi71@yahoo.com
741867000000,Hunar Reddy,1997-05-12,Other,Tadepalligudem,Uttarakhand,5504076448,divij25@yahoo.com
140720000000,Charvi Bahri,1965-09-24,Other,Nandyal,Kerala,2195627038,evadua@barad.com
292049000000,Nirvaan Dara,1940-11-23,Female,Bihar Sharif,Mizoram,7882446063,paribehl@yahoo.com
647350000000,Chirag Shah,1951-07-28,Male,Parbhani,Uttarakhand,914963000000,shayakarora@bhagat.com
589606000000,Sumer Lala,1991-09-25,Female,Dharmavaram,Karnataka,3992485625,kaira66@hotmail.com
649940000000,Aradhya Aurora,1947-04-18,Male,Sagar,Bihar,4250400328,bhardwajsaksham@thakkar-bumb.com
780153000000,Yuvraj  Vora,2009-07-14,Female,Raiganj,Tamil Nadu,3499617089,gokul55@tata-halder.com
998624000000,Adira Dugal,2010-07-09,Other,Ajmer,Himachal Pradesh,916437000000,ramakrishnanhiran@mall.com
838542000000,Kanav Kant,1961-06-05,Other,Panchkula,Nagaland,919784000000,issacjayan@randhawa.com
556539000000,Miraya Sandhu,1939-10-31,Other,Ranchi,Meghalaya,2830576890,mamooty01@seth.com
286952000000,Advika Bal,1936-07-30,Other,Raebareli,Kerala,919604000000,boradrishya@gmail.com
930854000000,Sahil Ghosh,1992-08-21,Female,Purnia,Arunachal Pradesh,4273695690,rashamaharaj@kothari.com
764390000000,Parinaaz Venkataraman,1936-04-03,Female,Navi Mumbai,Uttarakhand,5883837979,madhav40@yahoo.com
453674000000,Anay Manne,1981-05-22,Male,Thanjavur,Tripura,1660159125,zaina42@hotmail.com
649462000000,Vivaan Atwal,1971-10-18,Male,Dhule,Madhya Pradesh,3553149459,ramakrishnanromil@yahoo.com
580292000000,Divit Date,1958-12-03,Female,Haldia,West Bengal,9180053908,sandra@shroff-bawa.com
82725474576,Khushi Yohannan,1975-06-21,Female,Jorhat,Chhattisgarh,7570090018,schatterjee@issac.com
732901000000,Anvi Sandhu,2023-06-01,Male,Hubli–Dharwad,Arunachal Pradesh,8967547624,aayushdasgupta@ganesh.com
31665957995,Himmat Batta,2011-05-22,Male,Ludhiana,Himachal Pradesh,4107083260,guhainaaya@sidhu.com
604991000000,Ivana Srinivasan,1945-12-07,Other,Mumbai,Karnataka,1767066930,sakshamlall@gmail.com
70969220360,Kashvi Dutta,1977-01-25,Female,Munger,Kerala,3460740287,othakur@sawhney-char.info
933398000000,Samiha Das,1993-08-17,Male,Proddatur,Karnataka,8300375471,xkamdar@mand.com
183579000000,Anya Rastogi,2020-02-27,Other,Ozhukarai,Kerala,9204875500,gourshamik@yahoo.com
572400000000,Divit Dutt,1988-08-06,Male,Vadodara,Sikkim,910985000000,gokulborde@yahoo.com
495389000000,Nehmat Kapoor,1967-09-15,Female,Uluberia,Tripura,916936000000,dattasumer@tak.org
807987000000,Piya Sharaf,1989-01-04,Other,Firozabad,Meghalaya,2352776076,dugarahana@gara.com
792913000000,Seher Kalita,1966-08-01,Female,Kolhapur,Tamil Nadu,3171655082,ishitabahri@vyas.com
595583000000,Saira Som,1940-08-19,Other,Bokaro,Punjab,914787000000,saira68@yahoo.com
974758000000,Keya Warrior,1990-05-16,Other,Korba,Chhattisgarh,7026658107,cheemaira@gmail.com
868882000000,Nakul Anne,1952-02-11,Male,Jamshedpur,Andhra Pradesh,8442050282,psridhar@hotmail.com
890312000000,Shamik Biswas,1970-10-16,Female,Bahraich,Mizoram,7669470179,qbatta@sarkar.com
602356000000,Ira Boase,1955-08-27,Other,Jehanabad,Tamil Nadu,3241762073,varkeyuthkarsh@anne.info
103813000000,Biju Swaminathan,1941-04-11,Male,Moradabad,Uttar Pradesh,9293702712,rashasani@sundaram.com
480651000000,Madhav Chaudry,1999-10-17,Other,Agartala,Telangana,4113638286,mohanlalborde@ravi.com
780187000000,Adira Comar,1947-08-26,Other,Rajpur Sonarpur,West Bengal,8902950318,jhaveriira@lalla.com
395959000000,Prerak Roy,2004-01-11,Other,Bidar,West Bengal,3248052242,ilalla@tella.com
320552000000,Shlok Goda,2016-04-24,Male,Madurai,Odisha,3165836911,sumer13@guha.com
527952000000,Adira Barad,2004-12-28,Other,Gulbarga,Himachal Pradesh,916574000000,gatikroy@rajagopalan-kapoor.info
913328000000,Saira Walla,1979-08-11,Female,Gorakhpur,Assam,9629625267,elanka@yahoo.com
240152000000,Nehmat Sethi,2019-11-23,Male,Pondicherry,Haryana,914574000000,veerlala@gmail.com
625670000000,Taimur Dutt,1980-04-26,Male,Bhavnagar,Mizoram,9233478931,nitara90@hotmail.com
78864740192,Navya Khanna,1967-12-02,Female,Visakhapatnam,Arunachal Pradesh,9369626138,lakshitkalita@rege.net
756007000000,Adira Bala,1932-12-06,Male,Gudivada,Punjab,7291977298,kchahal@gmail.com
553793000000,Emir Borde,1975-07-26,Other,Guntakal,Nagaland,911657000000,aayushuppal@hotmail.com
238620000000,Hrishita Malhotra,1980-10-13,Other,Barasat,Andhra Pradesh,914316000000,bavaonkar@dhar.com
46758589845,Amira Kulkarni,1969-07-31,Male,Vasai-Virar,Punjab,66252544,lallaakarsh@yahoo.com
90437573522,Sumer Kalita,1994-02-26,Other,Pallavaram,Mizoram,7460996567,omannan@hotmail.com
200183000000,Mamooty Dar,1928-10-11,Male,Karnal,Telangana,911429000000,bansalbhavin@borah.com
470403000000,Emir Sem,1945-05-05,Other,Kurnool,Mizoram,917108000000,rhea72@hotmail.com
303805000000,Mehul Gour,1985-05-19,Male,Fatehpur,Mizoram,917382000000,hvirk@sawhney.com
321295000000,Mannat Lalla,1994-09-07,Male,Madanapalle,Chhattisgarh,8390400267,emirchaudhry@gmail.com
182208000000,Tiya Kala,1923-08-11,Male,Vijayawada,Uttar Pradesh,4989891148,manjaridin@amble-lad.com
453145000000,Vidur Mane,2014-09-11,Other,Barasat,Chhattisgarh,917453000000,deopihu@yadav.com
551331000000,Vardaniya Thaman,1986-03-02,Other,Jehanabad,Haryana,2054836008,davetaimur@hotmail.com
96925568069,Ritvik Dubey,1934-02-03,Other,Machilipatnam,Telangana,4664739791,ivanbarad@manda.net
145566000000,Alisha Mall,1951-11-29,Female,Warangal,Manipur,4082848605,jray@gmail.com
41000487995,Aarav Wali,1941-06-23,Female,Kadapa,Nagaland,9067058845,krishbhardwaj@ganguly.com
205032000000,Uthkarsh Kumer,2014-05-24,Other,Panipat,Punjab,916705000000,pbassi@yahoo.com
781205000000,Misha Sahota,1942-06-30,Female,Hajipur,Karnataka,919113000000,borahdarshit@hotmail.com
840441000000,Baiju Buch,1934-03-23,Female,Chinsurah,Assam,4698656340,dattapriyansh@yahoo.com
728998000000,Indrajit Divan,1981-01-20,Female,Guntur,Madhya Pradesh,2370188272,jayandyal@hotmail.com
693187000000,Suhana Ramesh,1971-01-01,Female,Kolhapur,Meghalaya,7524252063,uchandran@yahoo.com
452771000000,Vardaniya Mann,2008-12-29,Other,Hospet,Telangana,8862947143,farhan89@madan.com
453434000000,Yakshit Ranganathan,1993-10-31,Female,Mysore,Assam,591134777,somkhushi@sidhu-loyal.org
214970000000,Nitya Chaudhuri,1940-10-20,Other,Nanded,Nagaland,8201749427,romilmahajan@yahoo.com
340663000000,Aradhya Kalita,1945-01-10,Male,Nangloi Jat,Telangana,910539000000,dasshray@hotmail.com
34886567255,Ayesha Sundaram,1989-11-21,Other,Bongaigaon,Kerala,910452000000,qben@bali.com
200568000000,Vanya Rout,1947-08-05,Other,Khammam,Mizoram,917327000000,rayyuvaan@konda-garg.net
248833000000,Saksham Lad,1944-09-20,Female,Chennai,Odisha,2367568606,pari17@sridhar-shetty.org
849108000000,Hunar Balay,1997-05-02,Male,Firozabad,Odisha,918711000000,lakshay63@gmail.com
897244000000,Biju Rattan,1951-02-19,Other,Indore,Andhra Pradesh,917494000000,khannavardaniya@gmail.com
403248000000,Vidur Vig,1977-05-06,Male,New Delhi,Gujarat,915980000000,ojasvarkey@gmail.com
817485000000,Jayesh Andra,1923-11-03,Male,Silchar,Uttar Pradesh,4538004853,neysaborra@hotmail.com
111541000000,Amira Buch,1956-11-10,Male,Jalgaon,Uttar Pradesh,910365000000,smani@master.com
95748435720,Chirag Balakrishnan,1938-08-25,Male,Tiruppur,Bihar,2761215718,mehulmagar@mandal.com
53416454891,Shaan Kala,1981-12-18,Other,Allahabad,Rajasthan,9419510344,sethamani@gmail.com
151119000000,Urvi Bhatti,2007-04-06,Male,Ranchi,Haryana,912545000000,rajagopalhansh@gmail.com
173431000000,Nitara Shukla,1941-09-28,Other,Machilipatnam,Arunachal Pradesh,1134177614,hmann@sami.com
287808000000,Hunar Balasubramanian,2015-08-29,Female,Nellore,Karnataka,9999088268,fmall@aggarwal-swaminathan.com
738580000000,Anaya Kumar,1974-03-02,Other,Tirupati,Karnataka,4189441121,armaanjayaraman@ahluwalia.com
627200000000,Anahi Chander,1949-02-27,Female,Ongole,Chhattisgarh,7064141926,kverma@tandon.com
667204000000,Jayesh Raja,1969-07-27,Female,Akola,Tamil Nadu,916601000000,ogala@yahoo.com
631327000000,Ahana  Dewan,1994-05-11,Female,Indore,Uttar Pradesh,913216000000,sarakar@kalita.com
386088000000,Shray Srinivas,1960-03-23,Female,Vijayanagaram,Nagaland,911411000000,agarwalrania@yahoo.com
751582000000,Keya Agrawal,1996-01-20,Male,Sultan Pur Majra,Haryana,3922693532,gmangal@gmail.com
654622000000,Neelofar Sabharwal,1994-01-28,Other,Arrah,Meghalaya,911220000000,vidurbhasin@yahoo.com
78768914265,Lavanya Joshi,1971-11-09,Female,Ichalkaranji,Himachal Pradesh,7521471619,balasubramanianlagan@bhattacharyya.info
973177000000,Sana Toor,2008-08-07,Other,Tirupati,Rajasthan,8182890780,kiara80@deo.net
29548878183,Jayan Kaul,1930-01-03,Other,Ballia,Assam,919904000000,heer30@hotmail.com
742830000000,Tara Baria,1983-01-27,Other,Khora ,Rajasthan,3465739325,ivanasahota@chand.com
487125000000,Pari Suresh,2006-06-06,Male,Pimpri-Chinchwad,Madhya Pradesh,917616000000,chiragbedi@hotmail.com
134947000000,Seher Tailor,2015-01-08,Male,Ramgarh,Odisha,9197360788,sakshambal@sane-vyas.com
82481863283,Kismat Mahal,1999-01-19,Male,Nagaon,Rajasthan,913983000000,riaanchawla@hotmail.com
52517143778,Khushi Rege,2020-08-27,Other,Vasai-Virar,Mizoram,914808000000,tailoryuvraj@gmail.com
114411000000,Indrans Shan,1967-10-12,Other,Saharanpur,Rajasthan,3094298236,amanihegde@yahoo.com
334937000000,Mehul Balay,1999-10-15,Female,Nandyal,Karnataka,4791757252,chakrabortynayantara@dutta.com
928225000000,Biju Sawhney,1948-07-11,Other,Gudivada,Uttar Pradesh,3452797651,jivikasoman@chacko.com
704311000000,Ritvik Warrior,1985-03-04,Other,Gandhinagar,Uttar Pradesh,914687000000,mirayagill@yahoo.com
783416000000,Jayesh Bumb,1964-01-15,Male,Hazaribagh,Nagaland,4149104184,mamootybera@yahoo.com
716191000000,Nitara Bhat,2022-07-01,Male,Morbi,Uttar Pradesh,912312000000,veer85@hotmail.com
908264000000,Aayush Ghosh,1974-10-22,Male,Madurai,West Bengal,4251866871,dlalla@gmail.com
241087000000,Piya Dutt,1928-09-22,Male,Unnao,Gujarat,9095754606,aniruddh41@gmail.com
506924000000,Ira Rout,1937-02-17,Other,Pune,Punjab,5463182520,rshukla@solanki.biz
471549000000,Ela Ramanathan,1929-11-12,Other,Shivpuri,Bihar,918511000000,divij57@gmail.com
59263868393,Yashvi Tripathi,2021-05-10,Other,Silchar,Bihar,4223283116,vkannan@gade-viswanathan.net
414016000000,Charvi Boase,1985-11-18,Female,Pudukkottai,Haryana,9003618616,surrania@hotmail.com
34564954964,Ira Raman,1998-05-16,Female,Hindupur,Madhya Pradesh,913921000000,rseshadri@sathe-choudhry.com
579080000000,Madhav Basu,2021-03-12,Male,Kalyan-Dombivli,Bihar,913515000000,rkonda@uppal.com
149042000000,Yakshit Sankar,1972-11-12,Other,Firozabad,Chhattisgarh,5091577668,bhattacharyyaela@raman.com
730069000000,Lavanya Sabharwal,1965-10-07,Other,Latur,Goa,914297000000,shrayvala@gmail.com
443551000000,Ishita Koshy,1944-09-12,Other,Ambarnath,Rajasthan,913775000000,prishakulkarni@dewan.com
652457000000,Divij Baria,1968-09-26,Male,Rohtak,Sikkim,2466884128,nakuldash@hotmail.com
628029000000,Trisha Chandra,1975-04-03,Male,Rewa,Mizoram,1644137142,rattashanaya@gmail.com
858194000000,Madhup Soni,1967-02-16,Other,Raurkela Industrial Township,Kerala,4356454311,imagar@yahoo.com
304887000000,Adah Doshi,1954-07-20,Male,Rewa,Gujarat,6676023129,zbhakta@mannan.com
737105000000,Shlok Goyal,1932-06-21,Male,Satna,Chhattisgarh,7613167215,toorjivin@bassi.info
623049000000,Lakshit Ravi,1980-10-29,Female,Bhubaneswar,Tamil Nadu,910710000000,pbali@hotmail.com
105598000000,Vidur Kale,2013-03-13,Other,Varanasi,Goa,2561555319,balayanika@gmail.com
799134000000,Khushi Mand,1999-02-27,Male,Gwalior,Manipur,912825000000,advikaarya@toor.com
418848000000,Priyansh Wali,1983-01-28,Other,Khammam,Andhra Pradesh,5388746426,vwali@yahoo.com
837057000000,Dhanuk Chawla,1963-07-10,Female,Tezpur,Madhya Pradesh,5175616627,goswamihrishita@krish.com
59308160404,Riya Handa,1976-06-09,Male,Amaravati,Odisha,917746000000,tushar89@khanna-bhattacharyya.net
774049000000,Faiyaz Dutt,2014-07-06,Male,Allahabad,Maharashtra,1587513139,gtella@chaudhuri-kala.info
735560000000,Vaibhav Yadav,1938-10-26,Male,Tadepalligudem,Goa,912024000000,sana24@hotmail.com
589675000000,Hiran Behl,1982-09-28,Male,Muzaffarpur,Manipur,597478273,sana97@walla-virk.com
269956000000,Shanaya Borah,1985-03-14,Other,Siliguri,Bihar,5665095714,akarshseth@yahoo.com
741728000000,Kartik Bassi,1963-08-25,Male,Gaya,Maharashtra,2928583062,qamble@kala-thaker.com
645933000000,Aarush Bala,1951-02-07,Female,Thiruvananthapuram,Haryana,919566000000,yasmin27@gmail.com
14384734129,Saksham Loyal,2007-09-26,Other,Silchar,Kerala,4156030717,sumer24@gmail.com
230934000000,Kiaan Subramanian,1938-07-12,Other,Surat,Telangana,9260905319,lakshitmand@yahoo.com
837779000000,Devansh Barman,1974-08-19,Female,Dindigul,West Bengal,910839000000,urvi63@buch.com
647319000000,Aarush Ghose,2015-07-17,Other,Kota,Maharashtra,911144000000,vaibhav96@gmail.com
668839000000,Mohanlal Vig,1958-06-15,Female,Hindupur,Arunachal Pradesh,6767576183,yakshitvenkataraman@yahoo.com
543799000000,Alia Buch,1933-09-18,Male,Ichalkaranji,Punjab,4522615241,fateh26@gmail.com
619892000000,Jiya Yadav,1989-10-31,Other,Kolhapur,Tamil Nadu,5863514335,abram89@das-randhawa.com
251695000000,Akarsh Saxena,1952-09-22,Male,Nangloi Jat,Arunachal Pradesh,6587239926,qkhatri@dugar.net
697763000000,Bhamini Sandal,1997-01-19,Other,Rohtak,Haryana,911551000000,duttanirvaan@yahoo.com
137089000000,Taran Hegde,1931-05-09,Other,Buxar,Karnataka,283547182,sarinabram@dalia.net
720852000000,Pihu Chander,1981-07-12,Male,Darbhanga,Madhya Pradesh,5051223888,aainachakrabarti@yahoo.com
113961000000,Advik Goyal,1928-01-15,Other,Bokaro,Odisha,912741000000,venkateshtaran@hora.com
207692000000,Himmat Dora,2020-01-08,Male,Anand,Assam,915018000000,jiya00@hotmail.com
518527000000,Shalv Sani,1957-04-02,Other,Ghaziabad,Telangana,2326696855,zgoel@hotmail.com
193700000000,Adah Chander,1924-11-18,Female,Bhusawal,Chhattisgarh,916098000000,hazelborah@kothari.com
632339000000,Siya Shere,1992-03-14,Male,Bhiwandi,Gujarat,8312490693,eshani03@ramaswamy-gaba.com
762852000000,Yuvraj  Sibal,1922-11-26,Female,Buxar,Punjab,918154000000,yvenkataraman@dua.com
542672000000,Ishita Ramaswamy,1927-12-17,Other,Bhopal,Punjab,910851000000,mohanlalbhandari@uppal.com
385179000000,Vritika Dhaliwal,1959-08-18,Other,Udupi,Tamil Nadu,9246265417,aaryahimadan@yahoo.com
760653000000,Miraya Boase,2017-05-08,Male,Jammu,Karnataka,2855093754,xdara@bhardwaj.com
614459000000,Samiha Sehgal,1937-02-21,Other,Malda,Tamil Nadu,911418000000,krish57@gmail.com
463043000000,Damini Kadakia,1998-06-15,Other,Darbhanga,Goa,913954000000,wablesana@hotmail.com
346069000000,Vidur Lanka,2022-01-26,Male,Latur,Telangana,919872000000,missac@lanka.org
892467000000,Anvi Taneja,1969-12-21,Other,Pondicherry,Karnataka,2258374962,qraja@gmail.com
95627810701,Mamooty Grewal,1997-07-06,Male,Bardhaman,Himachal Pradesh,1544210296,santraghav@hotmail.com
691035000000,Jayant Thaman,1935-11-02,Other,Jabalpur,Telangana,9242483613,vedikakuruvilla@gmail.com
819129000000,Raghav Swamy,1927-10-15,Other,North Dumdum,Arunachal Pradesh,5682116298,udalia@hotmail.com
295440000000,Urvi Kala,1972-04-24,Other,Morena,Rajasthan,919444000000,yuvaan94@hotmail.com
103901000000,Zara Sani,1931-10-30,Other,Kolkata,Jharkhand,41357949,xtata@rajagopalan.info
326564000000,Tarini Seshadri,1993-08-19,Male,Kochi,Mizoram,6109069413,ibrahmbhatt@thakkar.biz
777370000000,Yakshit Gill,1930-04-21,Other,Ambattur,Tamil Nadu,7868657619,xbhattacharyya@yahoo.com
862966000000,Ayesha Aurora,1960-12-18,Male,Madhyamgram,Kerala,915890000000,ghosenitya@yahoo.com
965537000000,Samar Bhardwaj,1963-03-24,Female,Panchkula,Arunachal Pradesh,4174139841,qramachandran@gmail.com
183562000000,Piya Subramaniam,1931-07-30,Female,Haridwar,Himachal Pradesh,8220101070,alisha26@hotmail.com
623615000000,Neelofar Singhal,1956-12-29,Female,Aligarh,Punjab,914236000000,valakanav@barman-dutt.com
733858000000,Shamik Kaul,1932-01-26,Female,Khammam,Haryana,2018029603,dbala@gmail.com
451129000000,Yashvi Bala,1978-03-20,Other,Avadi,Jharkhand,4189858919,samiojas@yahoo.com
131500000000,Urvi Rajagopal,1988-04-25,Other,Gorakhpur,Madhya Pradesh,8552934034,mishakalita@arora.com
343881000000,Anahi Shere,1944-04-14,Male,Kozhikode,Sikkim,3882596216,kaleemir@hotmail.com
836364000000,Baiju D’Alia,1993-04-08,Female,Tiruppur,Punjab,9354662414,riaan31@bandi.org
359515000000,Aayush Sheth,1938-12-21,Male,Salem,Meghalaya,1743898199,ldora@gmail.com
973568000000,Taimur Sampath,1969-05-31,Other,Mau,Himachal Pradesh,433446908,tbalakrishnan@hotmail.com
711217000000,Zoya Bandi,2016-06-29,Other,Patiala,Meghalaya,914464000000,drishyasharma@yahoo.com
105698000000,Kavya Borah,1984-01-09,Female,Barasat,Bihar,910899000000,anyaborra@yahoo.com
603816000000,Jivika Goel,2013-03-11,Other,Thrissur,Jharkhand,3274604931,sahnidhanuk@bora.com
875058000000,Jhanvi Tella,1994-01-08,Male,Gwalior,Meghalaya,915632000000,jgarde@sabharwal.com
840645000000,Anahi Vora,2002-01-24,Other,Pimpri-Chinchwad,Nagaland,8664723593,ydate@hotmail.com
230895000000,Zaina Agrawal,1929-11-30,Female,Barasat,Nagaland,9521058292,amira98@hotmail.com
82332082230,Jayan Sarma,2007-08-07,Other,Amritsar,Punjab,1469927561,iyengararnav@ramakrishnan.biz
131917000000,Amira Krishna,1933-05-15,Other,Nandyal,Bihar,914936000000,kohlivihaan@loyal.com
78558508643,Ivan Kala,1935-11-07,Other,Tadepalligudem,Andhra Pradesh,917257000000,wdoshi@yahoo.com
132332000000,Biju Kibe,1988-11-04,Female,Shimla,Goa,2017706631,ranbirravel@kalita.com
359951000000,Indrajit Ramanathan,1961-04-20,Female,Cuttack,Karnataka,916741000000,hazelsastry@viswanathan.com
856077000000,Tarini Rama,1930-03-23,Female,Tiruchirappalli,Andhra Pradesh,1074188087,wbawa@hotmail.com
659869000000,Advik Mammen,2000-05-28,Male,Moradabad,Goa,913275000000,nehmatlad@hotmail.com
463599000000,Jayan Joshi,1933-07-29,Other,Sikar,Maharashtra,5634415993,vedika79@lanka.com
388432000000,Ranbir Chaudhari,1999-09-11,Other,Mirzapur,Sikkim,664338672,jhaverisuhana@hotmail.com
742220000000,Jayesh Bera,1941-07-21,Other,Berhampur,Arunachal Pradesh,1982747821,ryaniyer@varghese-khosla.com
117549000000,Kavya Randhawa,1934-01-13,Male,Bihar Sharif,Sikkim,913258000000,ehsaan57@yahoo.com
242674000000,Dhanush Bhakta,1931-08-18,Female,Bhimavaram,Arunachal Pradesh,1983569537,qhegde@yahoo.com
158659000000,Onkar Mandal,2023-04-10,Male,Singrauli,West Bengal,8193548582,kakarriya@dalal.com
141332000000,Abram Raja,1978-01-05,Other,Bhopal,Sikkim,917095000000,comarhiran@singh.com
909577000000,Jayan Deo,2006-06-13,Other,Sangli-Miraj & Kupwad,Manipur,4328449859,diya66@bhattacharyya.com
780425000000,Ritvik Khurana,1965-01-06,Other,Jamnagar,Tamil Nadu,1054544797,reneebansal@doctor-doctor.org
690353000000,Shray Shan,1940-04-15,Female,Berhampore,Andhra Pradesh,911682000000,saira27@yahoo.com
352730000000,Manikya Rattan,2002-01-21,Male,Panipat,Andhra Pradesh,910715000000,nayantara16@hotmail.com
152685000000,Tushar Toor,2002-07-11,Male,Orai,Telangana,915033000000,lmani@gmail.com
822152000000,Sahil Sundaram,1941-12-18,Male,Jaunpur,Madhya Pradesh,7644438892,hridaan15@yahoo.com
791841000000,Zain Aurora,1973-01-03,Other,Bhubaneswar,Manipur,9713013570,biju86@kala-wali.biz
518528000000,Zaina Bala,2022-04-21,Other,Bettiah,Arunachal Pradesh,3612996644,aaravrajan@yahoo.com
864033000000,Sana Bawa,1946-07-04,Male,Allahabad,Sikkim,919368000000,vihaangaba@ratti-baral.org
929843000000,Samiha Dhar,1941-04-11,Male,Bellary,Nagaland,5565918312,vihaan32@soman.com
91323429873,Purab Reddy,1939-07-20,Male,Khora ,Telangana,915983000000,gmangat@das.net
833206000000,Ayesha Varghese,2005-01-11,Other,Visakhapatnam,Rajasthan,914299000000,issacnirvaan@handa-dar.biz
864557000000,Charvi Lata,1949-10-23,Male,Bhalswa Jahangir Pur,Telangana,3189634727,edara@yahoo.com
127102000000,Shamik Sani,2000-06-28,Male,Raebareli,Goa,917364000000,indransdugar@sastry.com
618316000000,Tushar Seth,1967-03-15,Female,Tiruchirappalli,Goa,6525701531,ywalia@gmail.com
581558000000,Manjari Bakshi,1963-06-03,Other,Ichalkaranji,Maharashtra,3138040137,boseeshani@gmail.com
222429000000,Yuvraj  Mane,1954-01-16,Other,Bhavnagar,Madhya Pradesh,917221000000,ishita51@hotmail.com
172052000000,Emir Virk,1966-10-28,Other,Ambattur,Maharashtra,8967809298,mirayakorpal@gmail.com
498742000000,Baiju Sehgal,1957-06-30,Female,Jalgaon,Mizoram,5012320279,rajanaarav@hayre-raval.com
240218000000,Misha Vaidya,2008-07-02,Male,Panchkula,Mizoram,9907919537,prishasura@gmail.com
638193000000,Rohan Wali,1986-06-26,Female,Tumkur,Gujarat,5176521049,nsawhney@yahoo.com
75855931159,Onkar Keer,1972-02-01,Female,Faridabad,Meghalaya,550605373,edhaliwal@mahal.com
870849000000,Zeeshan Gola,1986-11-26,Female,Bettiah,Rajasthan,9879143078,htank@gmail.com
430190000000,Prerak Hegde,1958-02-25,Male,Yamunanagar,Maharashtra,916081000000,madhupsidhu@rana.com
628003000000,Arhaan Walla,1961-08-04,Male,Faridabad,Chhattisgarh,911306000000,atalwar@deep-sangha.com
353199000000,Fateh Dhawan,1932-07-18,Female,Vijayanagaram,Rajasthan,8420960767,urastogi@venkatesh-rau.com
313804000000,Badal Saran,1975-02-17,Other,Nagaon,Telangana,9279764805,mahikataneja@buch.com
713216000000,Ishita Raman,1938-10-30,Other,Kurnool,West Bengal,914319000000,loyalinaaya@yahoo.com
499859000000,Nirvi Hari,1973-08-27,Male,Raipur,Odisha,914909000000,anaya46@yahoo.com
626718000000,Manikya Bal,1955-10-19,Male,Panchkula,Odisha,25244613,chhabraanaya@verma.biz
866964000000,Dhanush Grewal,1991-03-17,Female,Tiruchirappalli,Tripura,9986610028,odeep@sheth.com
31710408422,Samiha Bumb,1975-11-29,Female,Rourkela,Gujarat,912308000000,indransbhakta@ramesh.com
186891000000,Suhana Saran,1985-05-24,Female,Karnal,Telangana,8888893508,hbadal@lanka.com
673260000000,Yasmin Yogi,2002-08-21,Other,Orai,Karnataka,4930474789,tbir@sekhon.com
80176844291,Jiya Manda,1997-10-12,Female,Ajmer,Meghalaya,2700518102,gtailor@gmail.com
702444000000,Elakshi Ghosh,1957-11-11,Male,Nagercoil,Uttarakhand,719677040,trivedineelofar@kala.info
574473000000,Amani Rana,2000-12-10,Male,Tirunelveli,Arunachal Pradesh,7996427473,shanahana@hotmail.com
660843000000,Jayan Kota,2012-04-01,Male,Ozhukarai,Tripura,3294808982,xloyal@bhavsar-kohli.info
769354000000,Nirvaan Kaul,2021-03-22,Male,Ujjain,Telangana,912217000000,qreddy@gmail.com
489474000000,Dishani Borah,1960-06-13,Other,Begusarai,Jharkhand,2673664925,rania06@gmail.com
291804000000,Rohan Amble,1979-08-27,Female,Kavali,Haryana,912082000000,vaibhavapte@balan-gour.com
855790000000,Abram Jha,1969-12-30,Female,Latur,Maharashtra,7451654720,bhatnagaryasmin@hotmail.com
39048909632,Eshani Suresh,1967-12-07,Other,Kolkata,Assam,5414374689,ivana42@yahoo.com
255419000000,Kiaan Basu,2007-07-20,Male,Bongaigaon,Goa,3168674954,kaladishani@gmail.com
605556000000,Dhruv Bandi,2007-08-10,Other,Patiala,Sikkim,7652546697,taimur13@sawhney.info
439357000000,Nakul Das,1929-04-29,Female,Chinsurah,Uttarakhand,4758305371,zbains@gmail.com
752388000000,Aarav Wadhwa,1967-04-27,Other,Erode,Arunachal Pradesh,8568593821,krish10@bhandari-bassi.com
900119000000,Aniruddh Kala,1998-02-11,Female,Ratlam,Tamil Nadu,4988622643,okrishnamurthy@hotmail.com
783205000000,Raunak Contractor,2005-09-15,Other,Kota,Punjab,2006503160,samihaguha@baral.com
832329000000,Drishya Badami,1948-08-07,Other,Rajahmundry,Sikkim,302709875,azad04@gmail.com
510788000000,Dhruv Dugar,2011-03-29,Male,Jammu,Punjab,3359951787,charvi27@hotmail.com
35251646333,Taimur Bora,1924-10-05,Other,Hajipur,Chhattisgarh,2143892837,rohan22@chanda-gokhale.com
503243000000,Riaan Kothari,1956-12-29,Male,Kurnool,Assam,1846013238,aayushramaswamy@manne.com
526872000000,Drishya Rama,2020-05-23,Male,Meerut,Tamil Nadu,4350558204,devanshhans@bhargava.com
951503000000,Manjari Kamdar,1941-05-07,Female,Allahabad,Mizoram,7233769604,bdalal@jain-dyal.com
230914000000,Inaaya  Singhal,1968-05-08,Other,Surat,Gujarat,910470000000,gkashyap@shah.org
985898000000,Riaan Bawa,1943-07-22,Other,Ratlam,Arunachal Pradesh,915112000000,yshah@luthra-krish.info
381633000000,Vritika Arora,2008-01-11,Male,Loni,Uttarakhand,4258548203,parilall@gmail.com
499606000000,Akarsh Uppal,1975-01-12,Female,Bhavnagar,Mizoram,912575000000,zratti@devi.com
17820531357,Nirvaan Date,1936-11-03,Other,Jalna,West Bengal,2998755591,kapadiauthkarsh@gmail.com
409433000000,Bhavin Dara,1945-04-15,Other,Morbi,Bihar,6261470043,shanayagole@thaker.biz
37687335531,Raghav Wadhwa,1968-02-29,Other,Mangalore,Haryana,918309000000,ivana80@kar-bera.biz
156394000000,Kartik Shroff,1988-03-07,Female,Mumbai,Telangana,913006000000,zainsodhi@gmail.com
794384000000,Aarav Sunder,1938-01-18,Other,Bharatpur,Assam,6040716481,jchana@mander.org
30297685844,Alisha Srivastava,1993-03-13,Other,Sikar,Assam,5963596644,xsaran@yahoo.com
522559000000,Darshit Raman,1982-07-17,Other,Sonipat,Telangana,3881514734,shayak77@gill.net
961459000000,Nishith Sethi,1988-05-30,Male,Gwalior,Haryana,4874427092,sahil71@gmail.com
649440000000,Priyansh Hayer,2007-09-05,Male,Hazaribagh,Punjab,8178251055,yakshitvora@dugal-khatri.net
888075000000,Anaya Chacko,2002-11-23,Other,Singrauli,Uttar Pradesh,912605000000,ramaswamyadvik@gmail.com
474948000000,Seher Shetty,1936-12-25,Female,Mahbubnagar,Chhattisgarh,5311093251,kavyaissac@kant-master.net
150757000000,Mahika Kota,1993-08-24,Other,Jehanabad,Maharashtra,6079847667,qrana@shan-kapur.com
477146000000,Charvi Jaggi,2010-01-09,Other,Anantapur,Uttar Pradesh,919544000000,drishya68@mane.com
979442000000,Anay Luthra,1969-08-14,Female,Karaikudi,Punjab,915090000000,taradarshit@kala.com
7092498,Tarini Kapur,1948-05-12,Other,Udaipur,Arunachal Pradesh,917316000000,balayarnav@vala.com
788691000000,Hridaan Kuruvilla,1954-01-27,Other,Ongole,Gujarat,915505000000,amira04@gmail.com
956776000000,Mishti Gokhale,2011-05-17,Female,Belgaum,Maharashtra,1371645826,zainagarde@rajagopal-maharaj.com
741687000000,Ivana Vaidya,2016-05-12,Female,Tiruchirappalli,Uttarakhand,912550000000,piya84@sanghvi.org
326048000000,Himmat Basak,1934-10-24,Male,Bhind,Haryana,7114866635,bhavinkashyap@gmail.com
760578000000,Himmat Karnik,1961-11-12,Female,Ozhukarai,Uttarakhand,7078929340,mkapur@yahoo.com
241602000000,Manikya Chanda,2000-11-24,Other,Haridwar,Goa,918367000000,ivanchanda@hotmail.com
394988000000,Purab Ramesh,1974-01-29,Female,Muzaffarpur,Gujarat,1239686082,pihu29@ben.org
34936897578,Jiya Bansal,2017-04-23,Male,Amravati,Sikkim,7975516959,andraamira@shah.info
759945000000,Madhup Rattan,1989-02-21,Male,Belgaum,Chhattisgarh,3480454465,dharkimaya@gmail.com
177416000000,Khushi Talwar,1946-08-09,Male,Kadapa,Bihar,7053727370,samairachar@gmail.com
675409000000,Anay Wadhwa,1979-06-19,Female,Kakinada,Bihar,7675620,bhallamiraan@sethi.com
38421429862,Ela Contractor,1961-11-13,Other,Imphal,Haryana,7556224346,masterrasha@hotmail.com
290335000000,Anika Bedi,1992-11-06,Male,Saharanpur,Maharashtra,6219257170,omaharaj@gmail.com
864322000000,Anahi Ganesh,1992-05-06,Other,Thiruvananthapuram,Tripura,915889000000,alia67@sarraf.info
879834000000,Aarush Iyengar,1974-12-31,Female,Chandrapur,Rajasthan,4074343977,gopalnirvi@hotmail.com
665481000000,Hridaan Banerjee,1938-07-02,Male,Nagaon,West Bengal,6156365533,sairadeo@thakur.info
219508000000,Aniruddh Varghese,1994-11-30,Male,Solapur,Mizoram,7085796227,ayeshakhare@khurana.net
360610000000,Diya Buch,1988-09-01,Female,Naihati,Bihar,2750081677,sibalayesha@yahoo.com
49718381950,Ishaan Bedi,2007-10-08,Female,Chapra,Bihar,7108438099,nehmat96@bhandari-wason.com
401409000000,Diya Vohra,1929-07-05,Other,Surendranagar Dudhrej,Karnataka,911734000000,edwinsana@hotmail.com
679060000000,Neelofar Deep,1942-09-30,Male,Latur,Sikkim,915218000000,zaina60@mall.com
801052000000,Nirvi Mander,1947-11-02,Male,Bhagalpur,Odisha,910993000000,gokul03@sachdeva-apte.com
689377000000,Baiju Bahl,1987-04-12,Female,Begusarai,Haryana,4152922519,mannatdoshi@gmail.com
133427000000,Shaan Basak,1960-09-08,Male,Chinsurah,Bihar,9167004923,aarnavarkey@sastry.net
906122000000,Badal Sibal,1950-11-01,Female,Kochi,Tripura,911425000000,anviarya@yahoo.com
54164018790,Akarsh Shankar,1997-03-04,Male,Gorakhpur,Goa,3029794510,vidur28@swamy.com
346862000000,Heer Balasubramanian,1928-10-28,Male,Nandyal,Sikkim,1809766582,mishti71@wali.org
388292000000,Shlok Sheth,1996-09-01,Female,Gopalpur,Tamil Nadu,4756889944,trisha82@yahoo.com
979766000000,Mishti Atwal,1950-08-28,Other,Hapur,Rajasthan,912782000000,arnav69@gmail.com
832546000000,Yakshit Hayre,2018-08-09,Female,Katni,Telangana,7281885467,chhabramishti@kant-raja.org
974535000000,Trisha Bora,1982-06-22,Male,Mira-Bhayandar,Manipur,1037652170,dchaudry@hotmail.com
805480000000,Indrans Hora,1961-04-11,Male,Agartala,Andhra Pradesh,3235688396,deodamini@hotmail.com
554656000000,Raghav Dalal,1950-01-18,Female,Bettiah,Goa,911326000000,hunargulati@magar.com
331924000000,Akarsh Dhillon,1993-07-19,Male,Durgapur,Goa,2625181538,sahilsekhon@barad.com
71256988032,Parinaaz Khosla,1951-07-16,Other,Ujjain,West Bengal,8181088816,umangsen@gmail.com
722302000000,Parinaaz Arya,1990-07-15,Male,Bhusawal,Kerala,6534592838,solankidhanuk@hotmail.com
917804000000,Dhanuk Som,1964-06-30,Female,Akola,West Bengal,919034000000,kbakshi@johal-virk.com
15136925852,Zeeshan Choudhry,2020-04-22,Male,Farrukhabad,Arunachal Pradesh,5848161639,sankaranhiran@gmail.com
420282000000,Stuvan Manda,1930-06-28,Other,Ludhiana,Telangana,7117871875,diya84@gmail.com
936559000000,Anika Tak,1928-04-15,Male,Aurangabad,Arunachal Pradesh,7121596516,mboase@mane-chanda.com
650918000000,Shanaya Sarkar,2005-07-16,Female,Jamshedpur,Meghalaya,720872039,orajan@chad.net
512219000000,Hrishita Choudhry,1948-04-10,Other,Jaipur,Punjab,7620549470,sarmalavanya@gmail.com
155226000000,Pari Baral,1962-09-10,Female,Ulhasnagar,Meghalaya,4045244248,anya61@hotmail.com
269091000000,Neelofar Kara,1934-08-02,Male,Bhusawal,Gujarat,9412694680,sethjiya@thaker.net
503298000000,Sana Iyer,1988-11-22,Female,Belgaum,Tripura,914635000000,ckoshy@yahoo.com
861940000000,Samarth Lalla,2016-04-08,Male,Panchkula,Meghalaya,9545080666,veerrajan@choudhury.com
75215303256,Manikya Ramaswamy,1930-01-24,Female,Howrah,Punjab,4521904669,inaaya-sarraf@bakshi.com
844817000000,Tarini Ratti,1953-09-23,Male,Gangtok,Tamil Nadu,8863785861,kvaidya@badami-contractor.com
818042000000,Kaira Choudhury,1963-04-03,Other,Unnao,Punjab,6317245908,jdutta@gmail.com
673112000000,Manjari Savant,1971-09-02,Female,Tumkur,Madhya Pradesh,8394264340,anay77@hotmail.com
577307000000,Abram Chakrabarti,1989-01-05,Male,Kolkata,Punjab,915660000000,boasenavya@hotmail.com
201542000000,Ojas Anand,1953-05-12,Male,Bhubaneswar,Andhra Pradesh,5208700808,bhaminizachariah@yahoo.com
473789000000,Ojas Ramanathan,1964-04-07,Female,Ratlam,Goa,914392000000,xchad@yahoo.com
883607000000,Piya Zachariah,2007-02-16,Female,Chittoor,Sikkim,9470691696,choudhryadvik@chada-sani.com
894600000000,Sana Swamy,1964-07-03,Female,Patiala,Odisha,918524000000,tejaschawla@yahoo.com
850047000000,Faiyaz Mannan,1940-02-15,Male,Hubli–Dharwad,Sikkim,915261000000,divyanshagate@gmail.com
491977000000,Indrans Krishnan,2013-05-31,Other,Dhanbad,Meghalaya,1546499733,eramachandran@gmail.com
717745000000,Anay Chanda,1944-08-17,Other,Thane,Uttarakhand,7866698380,nayantarakaur@shroff.biz
297484000000,Adira Das,1963-08-18,Male,Buxar,Bihar,757718167,gadeelakshi@kamdar-korpal.com
620090000000,Aniruddh Sahota,1942-12-10,Female,Malda,Madhya Pradesh,911503000000,ovarghese@yahoo.com
701553000000,Stuvan Mani,1990-02-05,Female,Mau,Jharkhand,161293002,shalvsama@koshy.com
490130000000,Raunak Sampath,1980-09-28,Other,Bhilai,Haryana,6296135971,alia00@hotmail.com
668662000000,Advika Bhandari,1935-11-28,Other,Tiruchirappalli,Manipur,898352256,chakrabortykiaan@dugal.com
640702000000,Adah Choudhary,1930-12-16,Male,Dewas,Himachal Pradesh,3355745929,gokhalebadal@yahoo.com
350241000000,Aayush Verma,1945-04-13,Male,Orai,Jharkhand,3068950986,shloksamra@walia.com
527069000000,Rhea Tara,1970-04-11,Other,Imphal,Sikkim,4618244148,kauralia@bhattacharyya.com
482646000000,Advik Mangal,2000-02-11,Other,Naihati,Gujarat,5696216153,ghoseshray@garg-sen.org
664631000000,Trisha Karnik,2002-11-15,Female,Khandwa,Nagaland,9342403117,raghav15@hotmail.com
375284000000,Kimaya Chandran,1994-07-09,Other,Sonipat,Odisha,911171000000,anvi60@bhattacharyya.info
962734000000,Saira Deo,1977-12-12,Male,Phagwara,Punjab,6548883495,onkarbose@doshi.com
974443000000,Kiara Sheth,1925-07-15,Other,Tiruppur,Bihar,914186000000,dishaniraja@gill.com
477039000000,Ayesha Kala,2008-12-02,Female,Srikakulam,Odisha,5250846497,nishith00@hotmail.com
263298000000,Divyansh Hayer,1950-06-14,Female,Bidar,Jharkhand,7865930119,wkaur@varty.com
585149000000,Sana Maharaj,2016-01-23,Male,Chinsurah,Punjab,7686951553,laddamini@gmail.com
863614000000,Indrans Karan,1974-11-15,Other,Gulbarga,Rajasthan,914467000000,ychada@kaul.net
828320000000,Dhanush Balakrishnan,1991-09-17,Other,Unnao,Sikkim,8861359789,jhaverishray@gmail.com
191140000000,Nirvi Maharaj,2001-07-16,Male,Vadodara,Karnataka,9053716662,riaandatta@atwal.com
618472000000,Sara Ravi,1998-12-20,Male,Rajpur Sonarpur,Punjab,1029113002,wthakkar@hotmail.com
110610000000,Adah Kumar,1991-12-04,Other,Gopalpur,Sikkim,656951127,kiaan70@hotmail.com
108626000000,Zara Kade,1981-01-06,Male,Bokaro,Sikkim,916887000000,uthkarsh56@yahoo.com
318834000000,Emir Doshi,1929-07-13,Male,Sambhal,Meghalaya,7343756014,shalv22@bali.com
297313000000,Shayak Sibal,1978-09-13,Female,Mira-Bhayandar,Madhya Pradesh,5603365469,siya31@swaminathan-chaudry.com
933250000000,Pihu Behl,1969-06-19,Male,Ichalkaranji,West Bengal,919599000000,bloyal@mahal.com
126533000000,Zoya Sundaram,2000-07-01,Other,Ulhasnagar,Uttarakhand,8628552657,dararania@yahoo.com
516478000000,Vardaniya Thaman,2009-07-02,Male,Firozabad,Manipur,3212067611,heer74@hotmail.com
193118000000,Priyansh Lad,1956-10-10,Other,Jodhpur,Assam,911937000000,mahajandhanuk@hotmail.com
380919000000,Stuvan Garg,1971-11-12,Other,Mahbubnagar,Punjab,918309000000,krish15@mangal.org
757952000000,Mahika Mangat,2018-06-01,Male,Bidar,Mizoram,5842508748,kashyaphrishita@sarma.com
592374000000,Nishith Acharya,1943-11-21,Female,Sonipat,Rajasthan,916651000000,uthkarshbatra@chawla.net
382272000000,Suhana Borde,2006-12-23,Other,Dewas,Meghalaya,912690000000,myrasunder@dora.net
928648000000,Nitya Garde,1977-07-12,Male,Guntur,Chhattisgarh,1424949797,hanne@gmail.com
379124000000,Ela Behl,1973-01-09,Male,Tinsukia,Himachal Pradesh,7009135291,nakuldeo@gmail.com
262705000000,Lakshit Kulkarni,1968-04-19,Male,Visakhapatnam,Chhattisgarh,5646594451,mannjayant@hotmail.com
860167000000,Anya Choudhury,2011-07-16,Female,Meerut,Nagaland,4389664657,saniindranil@yahoo.com
821220000000,Dhanuk Master,1938-09-26,Male,Durg,Haryana,8322722124,ivana53@yahoo.com
82775008283,Ranbir Edwin,1985-06-08,Male,Chandrapur,Himachal Pradesh,6721770855,ramaswamydivij@yahoo.com
297890000000,Zaina Lal,1976-12-06,Female,Dharmavaram,Chhattisgarh,6595876345,yakshit75@chacko.biz
356133000000,Zara Deshpande,1960-11-05,Other,Satna,Maharashtra,827350775,dlanka@gmail.com
459763000000,Shlok Iyer,1933-12-18,Female,Nizamabad,Chhattisgarh,9588015538,tsubramanian@hotmail.com
681823000000,Vanya Warrior,1965-04-24,Female,Gurgaon,Andhra Pradesh,7948605944,kabir62@hotmail.com
184962000000,Kismat Setty,1986-07-10,Female,Begusarai,Jharkhand,2730775380,syogi@kumer-kapoor.com
36940703767,Renee Virk,1932-03-14,Male,Faridabad,Himachal Pradesh,1948092084,ritvikkara@gmail.com
695710000000,Gokul Kashyap,1970-06-15,Other,Nashik,Sikkim,3081543475,osrivastava@yahoo.com
27794882928,Ishaan Sharaf,1932-03-15,Female,Chandrapur,Tamil Nadu,3666505408,ranbirwali@rao.com
846471000000,Rati Sami,1936-11-26,Male,Parbhani,Madhya Pradesh,7403253235,jayanbath@gmail.com
466788000000,Aayush Bhatti,1977-03-12,Other,Bidhannagar,Andhra Pradesh,911266000000,wkaur@yahoo.com
468617000000,Shalv Mammen,1984-11-22,Female,Nadiad,Assam,1392090560,ldara@badami.org
282043000000,Aarav Chakrabarti,1963-05-03,Other,Haldia,Mizoram,7979967942,wyohannan@yahoo.com
779076000000,Ayesha Choudhry,2004-02-18,Female,Medininagar,Assam,6536152206,nirvikamdar@dasgupta-batta.biz
711711000000,Nakul Sathe,1987-12-08,Male,Bhavnagar,Andhra Pradesh,919246000000,hrishitavarughese@yahoo.com
64010502200,Shray Madan,1929-05-05,Female,Thiruvananthapuram,Uttar Pradesh,8794052752,ojasgara@yahoo.com
652951000000,Yakshit Batra,1999-01-16,Female,Tenali,Arunachal Pradesh,910690000000,amira27@shetty.com
145415000000,Hiran Rao,2010-04-20,Male,Mango,Manipur,3193409208,samiha75@hotmail.com
389816000000,Seher Gara,1949-07-18,Other,Bhagalpur,Tripura,911795000000,crana@hotmail.com
349317000000,Zeeshan D’Alia,1992-09-12,Other,Bally,Uttarakhand,7650149764,dhruv88@devi.com
799911000000,Vivaan Master,1997-03-29,Other,Panchkula,Karnataka,8048619342,mishtibora@yahoo.com
